participant,date,expName,prt_1_vas.response_raw_i2512,prt_1_vas.rt_raw_i2512,prt_image_intens_resp.keys_raw_i2512,prt_image_intens_resp.rt_raw_i2512,prt_order_i2512,prt_1_vas.response_raw_i2840,prt_1_vas.rt_raw_i2840,prt_image_intens_resp.keys_raw_i2840,prt_image_intens_resp.rt_raw_i2840,prt_order_i2840,prt_1_vas.response_raw_i7010,prt_1_vas.rt_raw_i7010,prt_image_intens_resp.keys_raw_i7010,prt_image_intens_resp.rt_raw_i7010,prt_order_i7010,prt_1_vas.response_raw_i7175,prt_1_vas.rt_raw_i7175,prt_image_intens_resp.keys_raw_i7175,prt_image_intens_resp.rt_raw_i7175,prt_order_i7175,prt_1_vas.response_raw_i1441,prt_1_vas.rt_raw_i1441,prt_image_intens_resp.keys_raw_i1441,prt_image_intens_resp.rt_raw_i1441,prt_order_i1441,prt_1_vas.response_raw_i2057,prt_1_vas.rt_raw_i2057,prt_image_intens_resp.keys_raw_i2057,prt_image_intens_resp.rt_raw_i2057,prt_order_i2057,prt_1_vas.response_raw_i5594,prt_1_vas.rt_raw_i5594,prt_image_intens_resp.keys_raw_i5594,prt_image_intens_resp.rt_raw_i5594,prt_order_i5594,prt_1_vas.response_raw_i8380,prt_1_vas.rt_raw_i8380,prt_image_intens_resp.keys_raw_i8380,prt_image_intens_resp.rt_raw_i8380,prt_order_i8380,prt_1_vas.response_raw_i2205,prt_1_vas.rt_raw_i2205,prt_image_intens_resp.keys_raw_i2205,prt_image_intens_resp.rt_raw_i2205,prt_order_i2205,prt_1_vas.response_raw_i2750,prt_1_vas.rt_raw_i2750,prt_image_intens_resp.keys_raw_i2750,prt_image_intens_resp.rt_raw_i2750,prt_order_i2750,prt_1_vas.response_raw_i3064,prt_1_vas.rt_raw_i3064,prt_image_intens_resp.keys_raw_i3064,prt_image_intens_resp.rt_raw_i3064,prt_order_i3064,prt_1_vas.response_raw_i6311,prt_1_vas.rt_raw_i6311,prt_image_intens_resp.keys_raw_i6311,prt_image_intens_resp.rt_raw_i6311,prt_order_i6311,prt_1_vas.response_raw_i2393,prt_1_vas.rt_raw_i2393,prt_image_intens_resp.keys_raw_i2393,prt_image_intens_resp.rt_raw_i2393,prt_order_i2393,prt_1_vas.response_raw_i2745,prt_1_vas.rt_raw_i2745,prt_image_intens_resp.keys_raw_i2745,prt_image_intens_resp.rt_raw_i2745,prt_order_i2745,prt_1_vas.response_raw_i7180,prt_1_vas.rt_raw_i7180,prt_image_intens_resp.keys_raw_i7180,prt_image_intens_resp.rt_raw_i7180,prt_order_i7180,prt_1_vas.response_raw_i7513,prt_1_vas.rt_raw_i7513,prt_image_intens_resp.keys_raw_i7513,prt_image_intens_resp.rt_raw_i7513,prt_order_i7513,prt_1_vas.response_raw_i1650,prt_1_vas.rt_raw_i1650,prt_image_intens_resp.keys_raw_i1650,prt_image_intens_resp.rt_raw_i1650,prt_order_i1650,prt_1_vas.response_raw_i1721,prt_1_vas.rt_raw_i1721,prt_image_intens_resp.keys_raw_i1721,prt_image_intens_resp.rt_raw_i1721,prt_order_i1721,prt_1_vas.response_raw_i2389,prt_1_vas.rt_raw_i2389,prt_image_intens_resp.keys_raw_i2389,prt_image_intens_resp.rt_raw_i2389,prt_order_i2389,prt_1_vas.response_raw_i2276,prt_1_vas.rt_raw_i2276,prt_image_intens_resp.keys_raw_i2276,prt_image_intens_resp.rt_raw_i2276,prt_order_i2276,prt_1_vas.response_raw_i3350,prt_1_vas.rt_raw_i3350,prt_image_intens_resp.keys_raw_i3350,prt_image_intens_resp.rt_raw_i3350,prt_order_i3350,prt_1_vas.response_raw_i3500,prt_1_vas.rt_raw_i3500,prt_image_intens_resp.keys_raw_i3500,prt_image_intens_resp.rt_raw_i3500,prt_order_i3500,reac_1_keys.keys_raw_i2383,reac_1_keys.rt_raw_i2383,reac_order_i2383,reac_1_keys.keys_raw_i5533,reac_1_keys.rt_raw_i5533,reac_order_i5533,reac_1_keys.keys_raw_i5520,reac_1_keys.rt_raw_i5520,reac_order_i5520,reac_1_keys.keys_raw_i7031,reac_1_keys.rt_raw_i7031,reac_order_i7031,reac_1_keys.keys_raw_i2512,reac_1_keys.rt_raw_i2512,reac_order_i2512,reac_1_keys.keys_raw_i2570,reac_1_keys.rt_raw_i2570,reac_order_i2570,reac_1_keys.keys_raw_i7038,reac_1_keys.rt_raw_i7038,reac_order_i7038,reac_1_keys.keys_raw_i5530,reac_1_keys.rt_raw_i5530,reac_order_i5530,reac_1_keys.keys_raw_i7170,reac_1_keys.rt_raw_i7170,reac_order_i7170,reac_1_keys.keys_raw_i7235,reac_1_keys.rt_raw_i7235,reac_order_i7235,reac_1_keys.keys_raw_i7175,reac_1_keys.rt_raw_i7175,reac_order_i7175,reac_1_keys.keys_raw_i2190,reac_1_keys.rt_raw_i2190,reac_order_i2190,reac_1_keys.keys_raw_i7056,reac_1_keys.rt_raw_i7056,reac_order_i7056,reac_1_keys.keys_raw_i5510,reac_1_keys.rt_raw_i5510,reac_order_i5510,reac_1_keys.keys_raw_i9700,reac_1_keys.rt_raw_i9700,reac_order_i9700,reac_1_keys.keys_raw_i7045,reac_1_keys.rt_raw_i7045,reac_order_i7045,reac_1_keys.keys_raw_i7080,reac_1_keys.rt_raw_i7080,reac_order_i7080,reac_1_keys.keys_raw_i2210,reac_1_keys.rt_raw_i2210,reac_order_i2210,reac_1_keys.keys_raw_i2499,reac_1_keys.rt_raw_i2499,reac_order_i2499,reac_1_keys.keys_raw_i7025,reac_1_keys.rt_raw_i7025,reac_order_i7025,reac_1_keys.keys_raw_i1605,reac_1_keys.rt_raw_i1605,reac_order_i1605,reac_1_keys.keys_raw_i2360,reac_1_keys.rt_raw_i2360,reac_order_i2360,reac_1_keys.keys_raw_i2306,reac_1_keys.rt_raw_i2306,reac_order_i2306,reac_1_keys.keys_raw_i1441,reac_1_keys.rt_raw_i1441,reac_order_i1441,reac_1_keys.keys_raw_i8510,reac_1_keys.rt_raw_i8510,reac_order_i8510,reac_1_keys.keys_raw_i2391,reac_1_keys.rt_raw_i2391,reac_order_i2391,reac_1_keys.keys_raw_i2362,reac_1_keys.rt_raw_i2362,reac_order_i2362,reac_1_keys.keys_raw_i2311,reac_1_keys.rt_raw_i2311,reac_order_i2311,reac_1_keys.keys_raw_i4150,reac_1_keys.rt_raw_i4150,reac_order_i4150,reac_1_keys.keys_raw_i1900,reac_1_keys.rt_raw_i1900,reac_order_i1900,reac_1_keys.keys_raw_i6311,reac_1_keys.rt_raw_i6311,reac_order_i6311,reac_1_keys.keys_raw_i9280,reac_1_keys.rt_raw_i9280,reac_order_i9280,reac_1_keys.keys_raw_i2278,reac_1_keys.rt_raw_i2278,reac_order_i2278,reac_1_keys.keys_raw_i2490,reac_1_keys.rt_raw_i2490,reac_order_i2490,reac_1_keys.keys_raw_i9471,reac_1_keys.rt_raw_i9471,reac_order_i9471,reac_1_keys.keys_raw_i2700,reac_1_keys.rt_raw_i2700,reac_order_i2700,reac_1_keys.keys_raw_i2750,reac_1_keys.rt_raw_i2750,reac_order_i2750,reac_1_keys.keys_raw_i9008,reac_1_keys.rt_raw_i9008,reac_order_i9008,reac_1_keys.keys_raw_i9041,reac_1_keys.rt_raw_i9041,reac_order_i9041,reac_1_keys.keys_raw_i9561,reac_1_keys.rt_raw_i9561,reac_order_i9561,expName,prt_2_vas.response_raw_i2393,prt_2_vas.rt_raw_i2393,prt_2_image_intens_resp.keys_raw_i2393,prt_2_image_intens_resp.rt_raw_i2393,prt_2_order_i2393,prt_2_vas.response_raw_i7006,prt_2_vas.rt_raw_i7006,prt_2_image_intens_resp.keys_raw_i7006,prt_2_image_intens_resp.rt_raw_i7006,prt_2_order_i7006,prt_2_vas.response_raw_i7009,prt_2_vas.rt_raw_i7009,prt_2_image_intens_resp.keys_raw_i7009,prt_2_image_intens_resp.rt_raw_i7009,prt_2_order_i7009,prt_2_vas.response_raw_i7036,prt_2_vas.rt_raw_i7036,prt_2_image_intens_resp.keys_raw_i7036,prt_2_image_intens_resp.rt_raw_i7036,prt_2_order_i7036,prt_2_vas.response_raw_i2311,prt_2_vas.rt_raw_i2311,prt_2_image_intens_resp.keys_raw_i2311,prt_2_image_intens_resp.rt_raw_i2311,prt_2_order_i2311,prt_2_vas.response_raw_i2347,prt_2_vas.rt_raw_i2347,prt_2_image_intens_resp.keys_raw_i2347,prt_2_image_intens_resp.rt_raw_i2347,prt_2_order_i2347,prt_2_vas.response_raw_i2360,prt_2_vas.rt_raw_i2360,prt_2_image_intens_resp.keys_raw_i2360,prt_2_image_intens_resp.rt_raw_i2360,prt_2_order_i2360,prt_2_vas.response_raw_i2540,prt_2_vas.rt_raw_i2540,prt_2_image_intens_resp.keys_raw_i2540,prt_2_image_intens_resp.rt_raw_i2540,prt_2_order_i2540,prt_2_vas.response_raw_i2799,prt_2_vas.rt_raw_i2799,prt_2_image_intens_resp.keys_raw_i2799,prt_2_image_intens_resp.rt_raw_i2799,prt_2_order_i2799,prt_2_vas.response_raw_i2900,prt_2_vas.rt_raw_i2900,prt_2_image_intens_resp.keys_raw_i2900,prt_2_image_intens_resp.rt_raw_i2900,prt_2_order_i2900,prt_2_vas.response_raw_i3350,prt_2_vas.rt_raw_i3350,prt_2_image_intens_resp.keys_raw_i3350,prt_2_image_intens_resp.rt_raw_i3350,prt_2_order_i3350,prt_2_vas.response_raw_i3500,prt_2_vas.rt_raw_i3500,prt_2_image_intens_resp.keys_raw_i3500,prt_2_image_intens_resp.rt_raw_i3500,prt_2_order_i3500,prt_2_vas.response_raw_i2500,prt_2_vas.rt_raw_i2500,prt_2_image_intens_resp.keys_raw_i2500,prt_2_image_intens_resp.rt_raw_i2500,prt_2_order_i2500,prt_2_vas.response_raw_i2397,prt_2_vas.rt_raw_i2397,prt_2_image_intens_resp.keys_raw_i2397,prt_2_image_intens_resp.rt_raw_i2397,prt_2_vas.response_raw_i7491,prt_2_vas.rt_raw_i7491,prt_2_image_intens_resp.keys_raw_i7491,prt_2_image_intens_resp.rt_raw_i7491,prt_2_vas.response_raw_i7150,prt_2_vas.rt_raw_i7150,prt_2_image_intens_resp.keys_raw_i7150,prt_2_image_intens_resp.rt_raw_i7150,prt_2_vas.response_raw_i2200,prt_2_vas.rt_raw_i2200,prt_2_image_intens_resp.keys_raw_i2200,prt_2_image_intens_resp.rt_raw_i2200,prt_2_vas.response_raw_i2300,prt_2_vas.rt_raw_i2300,prt_2_image_intens_resp.keys_raw_i2300,prt_2_image_intens_resp.rt_raw_i2300,prt_2_vas.response_raw_i4597,prt_2_vas.rt_raw_i4597,prt_2_image_intens_resp.keys_raw_i4597,prt_2_image_intens_resp.rt_raw_i4597,prt_2_vas.response_raw_i4643,prt_2_vas.rt_raw_i4643,prt_2_image_intens_resp.keys_raw_i4643,prt_2_image_intens_resp.rt_raw_i4643,prt_2_vas.response_raw_i3064,prt_2_vas.rt_raw_i3064,prt_2_image_intens_resp.keys_raw_i3064,prt_2_image_intens_resp.rt_raw_i3064,prt_2_vas.response_raw_i2120,prt_2_vas.rt_raw_i2120,prt_2_image_intens_resp.keys_raw_i2120,prt_2_image_intens_resp.rt_raw_i2120,prt_2_vas.response_raw_i6836,prt_2_vas.rt_raw_i6836,prt_2_image_intens_resp.keys_raw_i6836,prt_2_image_intens_resp.rt_raw_i6836,expName,reac_2_keys.keys_i1419,reac_2_keys.rt_i1419,reac_2_keys.keys_i1590,reac_2_keys.rt_i1590,reac_2_keys.keys_i1910,reac_2_keys.rt_i1910,reac_2_keys.keys_i2057,reac_2_keys.rt_i2057,reac_2_keys.keys_i2339,reac_2_keys.rt_i2339,reac_2_keys.keys_i2357,reac_2_keys.rt_i2357,reac_2_keys.keys_i2387,reac_2_keys.rt_i2387,reac_2_keys.keys_i2441,reac_2_keys.rt_i2441,reac_2_keys.keys_i2456,reac_2_keys.rt_i2456,reac_2_keys.keys_i2540,reac_2_keys.rt_i2540,reac_2_keys.keys_i2590,reac_2_keys.rt_i2590,reac_2_keys.keys_i2722,reac_2_keys.rt_i2722,reac_2_keys.keys_i2840,reac_2_keys.rt_i2840,reac_2_keys.keys_i2850,reac_2_keys.rt_i2850,reac_2_keys.keys_i2890,reac_2_keys.rt_i2890,reac_2_keys.keys_i2900,reac_2_keys.rt_i2900,reac_2_keys.keys_i5510,reac_2_keys.rt_i5510,reac_2_keys.keys_i5594,reac_2_keys.rt_i5594,reac_2_keys.keys_i6220,reac_2_keys.rt_i6220,reac_2_keys.keys_i7004,reac_2_keys.rt_i7004,reac_2_keys.keys_i7006,reac_2_keys.rt_i7006,reac_2_keys.keys_i7009,reac_2_keys.rt_i7009,reac_2_keys.keys_i7010,reac_2_keys.rt_i7010,reac_2_keys.keys_i7030,reac_2_keys.rt_i7030,reac_2_keys.keys_i7036,reac_2_keys.rt_i7036,reac_2_keys.keys_i7040,reac_2_keys.rt_i7040,reac_2_keys.keys_i7052,reac_2_keys.rt_i7052,reac_2_keys.keys_i7090,reac_2_keys.rt_i7090,reac_2_keys.keys_i7130,reac_2_keys.rt_i7130,reac_2_keys.keys_i7161,reac_2_keys.rt_i7161,reac_2_keys.keys_i7217,reac_2_keys.rt_i7217,reac_2_keys.keys_i7481,reac_2_keys.rt_i7481,reac_2_keys.keys_i7950,reac_2_keys.rt_i7950,reac_2_keys.keys_i8162,reac_2_keys.rt_i8162,reac_2_keys.keys_i9001,reac_2_keys.rt_i9001,reac_2_keys.keys_i9102,reac_2_keys.rt_i9102,reac_2_keys.keys_i9210,reac_2_keys.rt_i9210,reac_2_keys.keys_i9265,reac_2_keys.rt_i9265,reac_2_keys.keys_i9330,reac_2_keys.rt_i9330,reac_2_keys.keys_i9342,reac_2_keys.rt_i9342
387,2019_May_19_1613,MAER M R1 P1 v1,-10,7.143000126,'2',2.986939907,3,-3,6.034999847,'1',4.03783083,2,0,3.391000032,'1',1.568865299,9,-1,11.01900005,'1',1.535020471,8,10,10.88099957,'1',5.973345757,1,16,5.342999935,'3',4.355154514,4,12,4.617000103,'1',4.788791656,6,23,32.82899857,'2',7.791858673,0,-13,6.540999889,'3',4.455320835,7,-10,12.39999962,'2',2.886934042,10,-41,8.881999969,'7',8.692409515,5,-8,6.243999958,'2',3.471007347,11,,,,,,,,,,,,,,,,,,,,,,,,,,,,,,,,,,,,,,,,,,,,,,,,,,,,,,,,,,,,,,,,,,,,,,,,,,,,,,,,,,,,,,,,,,,,,,,,,,,,,,,,,,,,,,,,,,,,,,,,,,,,,,,,,,,,,,,,,,,,,,,,,,,,,,,,,,,,,,,,,,,,,,,,,,,MAER M R2 P2,1,4.492000103,'num_2',2.186133623,3,-4,7.52699995,'num_2',2.536730528,1,0,5.785999775,'num_1',0.834780872,7,0,6.135000229,'num_1',1.635661244,9,3,6.418000221,'num_2',2.069650412,2,12,6.359000206,'num_2',1.01846981,10,11,3.74000001,'num_2',3.25378108,5,0,4.080999851,'num_1',1.652199984,6,-21,5.440999985,'num_5',4.522166252,8,-12,9.305000305,'num_2',3.237258196,11,-26,7.053999901,'4',2.753782749,0,,,,,,2,15.12800026,'num_2',1.852485418,4,,,,,,,,,,,,,,,,,,,,,,,,,,,,,,,,,,,,,,,,,MAER M R1 P2 v1,,,,,,,,,,,,,,,,,,,,,,,,,,,,,,,,,,,,,,,,,,,,,,,,,,,,,,,,,,,,,,,,,,,,,,,,,,,,,,,,
553,2019_May_26_1418,MAER M R1 P1 v1,-1,4.175000191,'num_2',3.520916939,3,0,2.688999891,'num_1',5.590536594,1,0,5.592999935,'num_1',1.569150209,6,0,9.706000328,'num_1',3.504356384,2,25,9.463999748,'num_5',4.471891403,4,25,4.926000118,'num_6',3.003485441,9,0,16.02799988,'num_1',4.13863945,0,12,7.202000141,'num_1',3.938153744,11,-22,3.507999897,'num_6',4.738368988,5,-10,4.485000134,'num_3',2.518988132,8,-40,7.027999878,'num_7',4.52181673,10,-5,5.211999893,'num_1',2.386564732,7,,,,,,,,,,,,,,,,,,,,,,,,,,,,,,,,,,,,,,,,,,,,,,,,,,,,,,,,,,,,,,,,,,,,,,,,,,,,,,,,,,,,,,,,,,,,,,,,,,,,,,,,,,,,,,,,,,,,,,,,,,,,,,,,,,,,,,,,,,,,,,,,,,,,,,,,,,,,,,,,,,,,,,,,,,,MAER M R2 P2,0,3.654999971,'num_1',1.252077699,10,-1,13.93599987,'num_5',3.203725815,4,1,3.707000017,'num_3',4.355228901,5,0,3.874000072,'num_2',5.573015213,7,0,8.376999855,'num_5',2.569950581,3,-8,3.272000074,'num_6',2.203210592,6,-11,7.952000141,'num_7',3.987992287,0,-5,6.474999905,'num_7',10.82829857,1,-7,4.006999969,'num_3',3.888018847,11,-1,3.506000042,'num_5',2.303076029,2,-4,6.774000168,'num_2',3.587676764,8,-6,3.540999889,'num_3',2.336294174,9,,,,,,,,,,,,,,,,,,,,,,,,,,,,,,,,,,,,,,,,,,,,,,MAER M R1 P2 v1,,,,,,,,,,,,,,,,,,,,,,,,,,,,,,,,,,,,,,,,,,,,,,,,,,,,,,,,,,,,,,,,,,,,,,,,,,,,,,,,
660,2019_Jun_06_1544,MAER M R1 P1 v1,8,6.140999794,'num_6',7.842036724,7,-18,3.237999916,'num_7',2.453216553,8,0,2.423000097,'num_5',9.043239594,4,14,10.86299992,'num_5',2.820289612,3,37,7.092999935,'num_8',3.003742695,2,3,4.991000175,'num_6',3.821239233,9,3,7.540999889,'num_4',8.092128754,6,16,5.373000145,'num_6',6.541031837,10,-33,5.977000237,'num_7',6.240431786,1,15,16.4260006,'num_5',11.71335602,0,-25,4.772999763,'num_8',9.160015106,11,-13,3.33100009,'num_6',3.204059601,5,,,,,,,,,,,,,,,,,,,,,,,,,,,,,,,,,,,,,,,,,,,,,,,,,,,,,,,,,,,,,,,,,,,,,,,,,,,,,,,,,,,,,,,,,,,,,,,,,,,,,,,,,,,,,,,,,,,,,,,,,,,,,,,,,,,,,,,,,,,,,,,,,,,,,,,,,,,,,,,,,,,,,,,,,,,MAER M R2 P2,13,5.426000118,'num_6',2.553429842,8,-2,4.206999779,'num_5',3.254037857,9,7,2.805999994,'num_6',2.186541557,11,1,7.535999775,'num_5',2.704133749,0,14,4.407000065,'num_6',8.876255035,4,0,2.839999914,'num_5',3.153784275,5,8,3.940999985,'num_6',2.48728466,3,4,7.576000214,'num_5',9.827404976,1,-7,8.163000107,'num_4',12.66328621,10,-19,3.072999954,'num_7',11.57897758,7,-15,5.22300005,'num_7',3.687914371,2,-10,5.017000198,'num_6',2.085632563,6,,,,,,,,,,,,,,,,,,,,,,,,,,,,,,,,,,,,,,,,,,,,,,MAER M R1 P2 v1,,,,,,,,,,,,,,,,,,,,,,,,,,,,,,,,,,,,,,,,,,,,,,,,,,,,,,,,,,,,,,,,,,,,,,,,,,,,,,,,
687,2019_May_19_1513,MAER M R1 P1 v1,-1,13.84399986,'num_4',7.674477577,0,-12,9.05300045,'num_7',3.303893089,3,0,5.097000122,'num_2',10.44428444,5,0,4.842999935,'num_1',1.75249362,10,15,4.717000008,'num_8',2.469612122,8,3,12.88599968,'num_6',4.104901791,7,4,4.393000126,'num_6',2.670149088,2,6,5.84800005,'num_6',4.687926769,1,-10,5.482999802,'num_7',2.736520767,6,0,9.116000175,'num_6',1.885725737,11,-15,7.247000217,'num_7',7.657978058,9,-5,5.295000076,'num_6',2.203130484,4,,,,,,,,,,,,,,,,,,,,,,,,,,,,,,,,,,,,,,,,,,,,,,,,,,,,,,,,,,,,,,,,,,,,,,,,,,,,,,,,,,,,,,,,,,,,,,,,,,,,,,,,,,,,,,,,,,,,,,,,,,,,,,,,,,,,,,,,,,,,,,,,,,,,,,,,,,,,,,,,,,,,,,,,,,,MAER M R2 P2,3,3.290999889,'num_6',2.219516754,4,-3,2.940999985,'num_6',3.353783369,10,0,4.09100008,'num_1',0.451125175,11,0,2.957000017,'num_1',1.63562727,2,-2,2.49000001,'num_6',1.985993266,9,-2,4.701000214,'num_6',3.604608297,0,1,3.624000072,'num_5',1.301744103,1,-7,5.243000031,'num_7',2.936806679,8,-2,5.460000038,'num_5',2.719994545,7,-9,4.893000126,'num_7',1.869112134,3,-9,7.177999973,'num_7',1.802693129,6,,,,,,0,2.507999897,'num_5',1.018455982,5,,,,,,,,,,,,,,,,,,,,,,,,,,,,,,,,,,,,,,,,,MAER M R1 P2 v1,,,,,,,,,,,,,,,,,,,,,,,,,,,,,,,,,,,,,,,,,,,,,,,,,,,,,,,,,,,,,,,,,,,,,,,,,,,,,,,,
701,2019_Jun_06_0947,MAER M R1 P1 v1,-1,4.777999878,'num_2',3.104218721,5,0,4.195000172,'num_1',1.985915542,3,0,14.62899971,'num_1',10.1607933,0,0,4.177999973,'num_1',2.035830975,9,10,4.061999798,'num_4',3.603852272,7,22,5.565999985,'num_5',4.237713337,2,13,7.150000095,'num_3',7.290894508,1,19,3.344000101,'num_6',3.570688725,10,-23,4.381999969,'num_6',6.390461445,4,-10,3.861000061,'num_4',3.437196255,11,-33,3.861999989,'num_8',2.63692522,6,-14,5.446000099,'num_5',3.036932945,8,,,,,,,,,,,,,,,,,,,,,,,,,,,,,,,,,,,,,,,,,,,,,,,,,,,,,,,,,,,,,,,,,,,,,,,,,,,,,,,,,,,,,,,,,,,,,,,,,,,,,,,,,,,,,,,,,,,,,,,,,,,,,,,,,,,,,,,,,,,,,,,,,,,,,,,,,,,,,,,,,,,,,,,,,,,MAER M R2 P2,0,4.717000008,'num_1',2.870720387,0,0,4.960000038,'num_1',2.069584846,2,0,3.005000114,'num_1',1.769122243,4,0,2.986999989,'num_1',1.835941315,10,13,3.608999968,'num_5',2.770239115,9,17,3.20600009,'num_6',2.252990007,8,14,4.243999958,'num_5',1.986064315,6,7,4.241000175,'num_3',1.736202598,5,-7,3.923000097,'num_4',3.604341507,1,-3,3.35800004,'num_2',1.768851161,11,-26,3.723999977,'num_7',2.519891739,7,-29,2.671999931,'num_7',2.28633523,3,,,,,,,,,,,,,,,,,,,,,,,,,,,,,,,,,,,,,,,,,,,,,,MAER M R1 P2 v1,,,,,,,,,,,,,,,,,,,,,,,,,,,,,,,,,,,,,,,,,,,,,,,,,,,,,,,,,,,,,,,,,,,,,,,,,,,,,,,,
706,2019_May_26_1211,MAER M R1 P1 v1,-5,4.306000233,'2',2.219705343,1,2,4.789000034,'1',3.320770025,3,10,2.96600008,'1',1.53455019,7,0,2.671000004,'1',1.152088642,9,40,2.319999933,'5',1.385369897,10,39,4.43900013,'5',2.069551706,11,35,4.005000114,'4',1.285612226,4,27,5.422999859,'3',1.452649117,5,-35,3.520999908,'5',2.503297806,6,-8,13.94299984,'3',4.021887779,0,-50,3.288000107,'8',2.353346586,2,-6,2.987999916,'2',1.252177715,8,,,,,,,,,,,,,,,,,,,,,,,,,,,,,,,,,,,,,,,,,,,,,,,,,,,,,,,,,,,,,,,,,,,,,,,,,,,,,,,,,,,,,,,,,,,,,,,,,,,,,,,,,,,,,,,,,,,,,,,,,,,,,,,,,,,,,,,,,,,,,,,,,,,,,,,,,,,,,,,,,,,,,,,,,,,MAER M R2 P2,2,3.842000008,'1',2.419890881,7,0,3.259000063,'2',1.285646677,1,8,3.322000027,'1',1.38548398,6,23,2.921000004,'3',1.335399032,2,11,3.457999945,'4',1.635733366,9,32,2.453999996,'4',1.869396687,11,15,3.943000078,'3',1.635829449,8,23,3.121999979,'5',1.218648314,10,-18,5.69299984,'3',2.353373528,5,-20,7.53399992,'3',2.503848791,0,-23,2.438999891,'4',1.71937108,3,-32,6.56099987,'6',1.735956788,4,,,,,,,,,,,,,,,,,,,,,,,,,,,,,,,,,,,,,,,,,,,,,,MAER M R1 P2 v1,,,,,,,,,,,,,,,,,,,,,,,,,,,,,,,,,,,,,,,,,,,,,,,,,,,,,,,,,,,,,,,,,,,,,,,,,,,,,,,,
716,2019_May_31_1103,MAER M R1 P1 v1,7,3.857000113,'5',3.370746851,2,3,3.855000019,'5',1.819471955,7,0,20.66399956,'3',8.175712585,0,3,2.971999884,'3',1.886003137,10,34,2.555000067,'7',1.936072111,8,34,4.448999882,'7',2.335407495,4,25,4.039999962,'6',4.922206402,3,39,4.756000042,'8',4.788981915,6,-25,6.007999897,'6',8.276008606,1,-19,2.838999987,'8',1.318707108,11,-31,6.09100008,'8',4.254543304,9,-23,3.289000034,'6',3.504350662,5,,,,,,,,,,,,,,,,,,,,,,,,,,,,,,,,,,,,,,,,,,,,,,,,,,,,,,,,,,,,,,,,,,,,,,,,,,,,,,,,,,,,,,,,,,,,,,,,,,,,,,,,,,,,,,,,,,,,,,,,,,,,,,,,,,,,,,,,,,,,,,,,,,,,,,,,,,,,,,,,,,,,,,,,,,,MAER M R2 P2,0,0.602999985,'5',2.453167439,8,0,2.970999956,'5',2.086222649,4,3,3.338999987,'6',0.484538287,1,-10,2.688999891,'4',2.453201532,7,-6,2.964999914,'4',1.785723209,9,-3,4.047999859,'4',3.67108345,0,22,10.88000011,'8',1.018164277,3,-1,1.264000058,'4',1.434510112,10,-23,8.461999893,'6',2.486621857,2,-10,3.558000088,'7',1.702488065,11,-39,3.921999931,'8',2.603477001,5,-28,3.49000001,'7',2.186266422,6,,,,,,,,,,,,,,,,,,,,,,,,,,,,,,,,,,,,,,,,,,,,,,MAER M R1 P2 v1,,,,,,,,,,,,,,,,,,,,,,,,,,,,,,,,,,,,,,,,,,,,,,,,,,,,,,,,,,,,,,,,,,,,,,,,,,,,,,,,
722,2019_May_22_0921,MAER M R1 P1 v1,-22,18.4470005,'num_2',11.69557476,0,-17,4.438000202,'num_4',1.519343138,11,-19,6.494999886,'num_2',3.470707417,7,-19,8.109999657,'num_2',1.618932009,9,-19,5.456999779,'num_3',2.536415339,6,-19,3.253999949,'num_2',4.973072529,3,-20,7.760000229,'num_2',2.636658192,2,-18,5.323999882,'num_2',3.203907967,10,-20,8.175000191,'num_2',1.568944335,5,-20,7.975999832,'num_2',5.956896782,1,-19,5.09100008,'num_3',1.284549117,8,-20,3.923000097,'num_3',4.038518429,4,,,,,,,,,,,,,,,,,,,,,,,,,,,,,,,,,,,,,,,,,,,,,,,,,,,,,,,,,,,,,,,,,,,,,,,,,,,,,,,,,,,,,,,,,,,,,,,,,,,,,,,,,,,,,,,,,,,,,,,,,,,,,,,,,,,,,,,,,,,,,,,,,,,,,,,,,,,,,,,,,,,,,,,,,,,MAER M R2 P2,-8,5.723999977,'num_3',3.804507971,8,-9,5.959000111,'num_2',1.251916051,3,-9,4.092000008,'num_2',1.185356021,7,-10,4.235000134,'num_2',2.086171865,0,-9,3.625,'num_2',1.752379179,6,-9,8.512000084,'num_2',1.251808167,5,-10,4.789999962,'num_2',1.852578521,1,-10,4.604000092,'num_2',1.16756165,2,-10,3.441999912,'num_3',2.620034218,10,-10,6.40899992,'num_2',1.185167909,9,-10,3.556999922,'num_3',1.36866498,11,-9,3.20600009,'num_3',1.368846416,4,,,,,,,,,,,,,,,,,,,,,,,,,,,,,,,,,,,,,,,,,,,,,,MAER M R1 P2 v1,,,,,,,,,,,,,,,,,,,,,,,,,,,,,,,,,,,,,,,,,,,,,,,,,,,,,,,,,,,,,,,,,,,,,,,,,,,,,,,,
749,2019_May_26_1717,MAER M R1 P1 v1,0,3.132999897,'5',1.352083564,4,0,0.81400001,'5',1.702288866,8,0,1.113999963,'5',1.719281912,5,0,1.432000041,'5',1.669496536,7,0,0.648999989,'5',1.368279457,9,0,6.335999966,'5',5.706515789,0,0,2.142999887,'5',1.535467625,3,0,1.047999978,'5',1.468677759,6,0,2.349999905,'5',1.935800195,1,0,0.879000008,'5',1.585783243,11,-20,4.901000023,'7',3.48692441,10,6,6.002999783,'6',4.171848297,2,,,,,,,,,,,,,,,,,,,,,,,,,,,,,,,,,,,,,,,,,,,,,,,,,,,,,,,,,,,,,,,,,,,,,,,,,,,,,,,,,,,,,,,,,,,,,,,,,,,,,,,,,,,,,,,,,,,,,,,,,,,,,,,,,,,,,,,,,,,,,,,,,,,,,,,,,,,,,,,,,,,,,,,,,,,MAER M R2 P2,0,0.646000028,'5',1.952788711,6,0,1.215000033,'5',1.635848761,9,0,1.496000051,'5',1.585568786,0,0,0.896000028,'5',1.685745835,4,0,2.848999977,'5',1.40241909,5,0,1.146999955,'5',2.2528193,11,0,1.082000017,'5',1.802657008,10,0,0.829999983,'5',2.102938414,2,0,2.723999977,'6',1.468921065,8,0,1.062999964,'6',2.036314249,1,-8,4.267000198,'6',0.884913266,7,0,0.948000014,'5',1.685717344,3,,,,,,,,,,,,,,,,,,,,,,,,,,,,,,,,,,,,,,,,,,,,,,MAER M R1 P2 v1,,,,,,,,,,,,,,,,,,,,,,,,,,,,,,,,,,,,,,,,,,,,,,,,,,,,,,,,,,,,,,,,,,,,,,,,,,,,,,,,
762,2019_Jun_04_1015,MAER M R1 P1 v1,-4,2.960000038,'num_4',2.003486395,4,4,4.528999805,'num_3',2.68699193,2,10,9.975999832,'num_5',4.471295834,0,2,2.677000046,'num_1',1.334920168,7,39,3.729000092,'num_8',2.035798788,11,42,3.697999954,'num_8',2.336253405,3,10,2.59800005,'num_5',3.08678937,10,31,4.010000229,'num_7',2.271045685,6,-30,4.947000027,'num_7',4.47150135,1,-10,4.311999798,'num_5',3.404094219,5,-38,2.732000113,'num_8',2.370096684,8,-13,2.128999949,'num_4',1.652371883,9,,,,,,,,,,,,,,,,,,,,,,,,,,,,,,,,,,,,,,,,,,,,,,,,,,,,,,,,,,,,,,,,,,,,,,,,,,,,,,,,,,,,,,,,,,,,,,,,,,,,,,,,,,,,,,,,,,,,,,,,,,,,,,,,,,,,,,,,,,,,,,,,,,,,,,,,,,,,,,,,,,,,,,,,,,,MAER M R2 P2,-10,4.040999889,'num_3',2.419821024,6,2,5.65899992,'num_1',2.169543028,8,3,2.97300005,'num_1',2.152812958,3,-6,2.707000017,'num_3',1.752501726,2,5,2.471999884,'num_3',2.253040791,4,45,2.982000113,'num_8',2.052264929,0,29,3.457000017,'num_6',2.820263386,1,20,2.539999962,'num_6',2.019522667,7,-37,2.940999985,'num_7',2.03605175,9,-37,5.176000118,'num_7',2.20301342,11,-9,10.63300037,'num_4',2.353146315,5,-28,4.624000072,'num_6',2.319618464,10,,,,,,,,,,,,,,,,,,,,,,,,,,,,,,,,,,,,,,,,,,,,,,MAER M R1 P2 v1,,,,,,,,,,,,,,,,,,,,,,,,,,,,,,,,,,,,,,,,,,,,,,,,,,,,,,,,,,,,,,,,,,,,,,,,,,,,,,,,
767,2019_Jun_05_1314,MAER M R1 P1 v1,-7,7.698999882,'5',8.375284195,5,7,8.482999802,'5',3.036512375,10,0,3.428999901,'5',1.618676901,9,7,5.177999973,'5',2.836640835,11,50,4.696000099,'9',2.269251108,8,42,22.62000084,'9',3.187024593,0,-27,7.764999866,'7',3.82085228,2,34,5.580999851,'6',3.420612097,6,-50,3.128000021,'9',3.520789623,7,0,4.06400013,'1',8.525391579,1,-43,13.00699997,'7',6.673779011,4,50,5.414000034,'8',4.138185024,3,,,,,,,,,,,,,,,,,,,,,,,,,,,,,,,,,,,,,,,,,,,,,,,,,,,,,,,,,,,,,,,,,,,,,,,,,,,,,,,,,,,,,,,,,,,,,,,,,,,,,,,,,,,,,,,,,,,,,,,,,,,,,,,,,,,,,,,,,,,,,,,,,,,,,,,,,,,,,,,,,,,,,,,,,,,MAER M R2 P2,0,5.007999897,'6',1.769311905,8,30,4.040999889,'6',2.486737728,1,30,5.058000088,'6',2.520236492,2,0,3.372999907,'5',1.752481699,6,-7,5.843999863,'5',2.75352335,3,50,4.625,'8',2.536795616,9,50,2.789000034,'7',2.085585117,5,34,4.624000072,'7',2.153066635,11,-50,2.803999901,'9',2.853777409,10,-50,5.44299984,'7',2.069520473,4,-50,4.242000103,'9',2.28629446,7,-1,6.551000118,'4',7.808471203,0,,,,,,,,,,,,,,,,,,,,,,,,,,,,,,,,,,,,,,,,,,,,,,MAER M R1 P2 v1,,,,,,,,,,,,,,,,,,,,,,,,,,,,,,,,,,,,,,,,,,,,,,,,,,,,,,,,,,,,,,,,,,,,,,,,,,,,,,,,
772,2019_May_22_1823,MAER M R1 P1 v1,1,3.173000097,'num_1',2.804248095,8,0,3.61500001,'num_5',2.018930197,4,2,3.190000057,'num_1',1.835633874,9,1,2.622999907,'num_5',1.368308544,5,37,3.598999977,'num_2',3.186893225,7,37,3.174000025,'num_2',3.004002333,11,9,2.890000105,'num_1',3.587658405,10,26,7.078000069,'num_6',6.123733997,2,-13,4.593999863,'num_6',6.590424538,1,-3,6.297999859,'num_6',6.790919304,6,-25,4.892000198,'num_9',1.985865593,3,12,28.22299957,'num_3',5.72322607,0,,,,,,,,,,,,,,,,,,,,,,,,,,,,,,,,,,,,,,,,,,,,,,,,,,,,,,,,,,,,,,,,,,,,,,,,,,,,,,,,,,,,,,,,,,,,,,,,,,,,,,,,,,,,,,,,,,,,,,,,,,,,,,,,,,,,,,,,,,,,,,,,,,,,,,,,,,,,,,,,,,,,,,,,,,,MAER M R2 P2,1,4.092000008,'num_1',6.090081692,1,0,5.572000027,'num_1',5.605470181,6,0,3.691999912,'num_1',2.786315441,4,0,3.924000025,'num_1',2.303065538,11,10,5.785999775,'num_2',3.654424667,0,6,6.195000172,'num_6',2.30304575,9,20,3.073999882,'num_6',3.971345425,5,9,3.391000032,'num_5',1.435155511,7,-26,4.257999897,'num_8',3.303952932,10,-14,3.875,'num_7',8.05887413,2,-21,6.52699995,'num_6',5.088904858,3,-13,2.974999905,'num_7',2.51986599,8,,,,,,,,,,,,,,,,,,,,,,,,,,,,,,,,,,,,,,,,,,,,,,MAER M R1 P2 v1,,,,,,,,,,,,,,,,,,,,,,,,,,,,,,,,,,,,,,,,,,,,,,,,,,,,,,,,,,,,,,,,,,,,,,,,,,,,,,,,
781,2019_May_26_1623,MAER M R1 P1 v1,8,5.361000061,'7',5.171874046,10,24,5.727000237,'4',7.357936382,4,32,7.129000187,'3',1.952950954,6,-2,10.4659996,'3',4.421701908,2,34,5.041999817,'2',1.819638371,11,20,6.346000195,'6',3.954433203,5,30,3.960000038,'4',3.670697212,9,41,6.618000031,'8',5.773080826,7,-13,4.96600008,'7',2.119105577,8,9,6.277999878,'5',3.537577868,3,-36,6.686999798,'8',4.671457291,1,-10,16.60099983,'6',13.68086815,0,,,,,,,,,,,,,,,,,,,,,,,,,,,,,,,,,,,,,,,,,,,,,,,,,,,,,,,,,,,,,,,,,,,,,,,,,,,,,,,,,,,,,,,,,,,,,,,,,,,,,,,,,,,,,,,,,,,,,,,,,,,,,,,,,,,,,,,,,,,,,,,,,,,,,,,,,,,,,,,,,,,,,,,,,,,MAER M R2 P2,10,4.592000008,'2',1.919472098,4,-15,3.973999977,'4',2.403135061,3,40,6.951000214,'4',2.837009192,0,12,8.696000099,'2',4.655456066,10,25,5.992000103,'6',2.436142206,2,20,4.506999969,'6',2.670130253,6,27,4.585000038,'4',3.870460987,11,29,3.107000113,'4',2.068986177,7,-25,3.648000002,'7',3.104021549,8,-18,3.85800004,'6',1.935881257,9,-40,4.375,'8',3.354184628,1,-16,7.111000061,'8',1.986061573,5,,,,,,,,,,,,,,,,,,,,,,,,,,,,,,,,,,,,,,,,,,,,,,MAER M R1 P2 v1,,,,,,,,,,,,,,,,,,,,,,,,,,,,,,,,,,,,,,,,,,,,,,,,,,,,,,,,,,,,,,,,,,,,,,,,,,,,,,,,
799,2019_May_22_2016,MAER M R1 P1 v1,9,6.842000008,'4',8.809537888,5,2,4.323999882,'2',2.169662476,7,-12,7.672999859,'6',3.186032772,10,1,3.681999922,'1',1.90271163,8,20,7.729000092,'6',4.471727848,9,40,4.324999809,'8',3.120369673,3,36,16.42900085,'7',7.62510252,0,15,10.46199989,'6',7.274446487,6,-42,7.761000156,'8',3.370729685,1,-27,6.210999966,'6',4.088457108,2,-46,3.305999994,'9',4.087887764,11,-30,7.328000069,'7',4.538580418,4,,,,,,,,,,,,,,,,,,,,,,,,,,,,,,,,,,,,,,,,,,,,,,,,,,,,,,,,,,,,,,,,,,,,,,,,,,,,,,,,,,,,,,,,,,,,,,,,,,,,,,,,,,,,,,,,,,,,,,,,,,,,,,,,,,,,,,,,,,,,,,,,,,,,,,,,,,,,,,,,,,,,,,,,,,,MAER M R2 P2,-1,4.574999809,'4',4.154375076,1,1,6.598999977,'3',3.653636217,5,1,2.197999954,'1',3.203882694,10,1,2.690000057,'3',4.621994972,2,24,2.473999977,'6',5.305961132,6,12,4.25,'7',2.35308671,3,40,5.241000175,'8',3.98780489,4,26,4.458000183,'7',3.003549099,11,-41,4.157000065,'9',3.420767546,8,-50,4.472000122,'9',2.219603539,7,-42,5.329999924,'8',2.069268227,9,-40,3.799999952,'8',2.68697834,0,,,,,,,,,,,,,,,,,,,,,,,,,,,,,,,,,,,,,,,,,,,,,,MAER M R1 P2 v1,,,,,,,,,,,,,,,,,,,,,,,,,,,,,,,,,,,,,,,,,,,,,,,,,,,,,,,,,,,,,,,,,,,,,,,,,,,,,,,,
800,2019_May_27_1029,MAER M R1 P1 v1,-1,5.376999855,'num_5',2.236246586,10,-2,4.955999851,'num_5',2.586785555,6,0,17.46299934,'num_5',6.991098404,0,0,4.053999901,'num_5',6.089213371,1,15,22.2670002,'num_6',8.693019867,2,17,10.34500027,'num_6',2.553715467,4,13,7.843999863,'num_6',2.786975861,5,20,6.77699995,'num_6',5.706447124,3,-4,4.472000122,'num_6',3.10374999,11,-6,5.382999897,'num_6',4.321333885,8,-30,12.91800022,'num_7',6.240290165,7,-5,10.61299992,'num_5',6.240261555,9,,,,,,,,,,,,,,,,,,,,,,,,,,,,,,,,,,,,,,,,,,,,,,,,,,,,,,,,,,,,,,,,,,,,,,,,,,,,,,,,,,,,,,,,,,,,,,,,,,,,,,,,,,,,,,,,,,,,,,,,,,,,,,,,,,,,,,,,,,,,,,,,,,,,,,,,,,,,,,,,,,,,,,,,,,,MAER M R2 P2,,,,,,,,,,,,,,,,,,,,,,,,,,,,,,,,,,,,,,,,,,,,,,,,,,,,,,,,,,,,,,,,,,,,,,,,,,,,,,,,,,,,,,,,,,,,,,,,,,,,,,,,,,MAER M R1 P2 v1,,,,,,,,,,,,,,,,,,,,,,,,,,,,,,,,,,,,,,,,,,,,,,,,,,,,,,,,,,,,,,,,,,,,,,,,,,,,,,,,
805,2019_May_22_1918,MAER M R1 P1 v1,-5,5.196000099,'2',2.853585243,7,5,3.460000038,'5',13.36409855,6,0,3.276000023,'1',5.072365761,3,0,4.06099987,'1',6.173188686,5,10,3.782000065,'6',6.640533924,10,10,3.864000082,'5',2.452763557,8,10,8.168999672,'6',1.686068535,9,20,6.977000237,'6',2.486485958,11,-10,10.95100021,'4',6.323693752,1,-10,15.81200027,'3',25.94318581,0,-30,6.31799984,'6',6.690484047,2,-10,8.972000122,'3',6.023373127,4,,,,,,,,,,,,,,,,,,,,,,,,,,,,,,,,,,,,,,,,,,,,,,,,,,,,,,,,,,,,,,,,,,,,,,,,,,,,,,,,,,,,,,,,,,,,,,,,,,,,,,,,,,,,,,,,,,,,,,,,,,,,,,,,,,,,,,,,,,,,,,,,,,,,,,,,,,,,,,,,,,,,,,,,,,,MAER M R2 P2,0,1.896999955,'5',1.852217078,9,0,1.164000034,'5',1.952628255,8,0,1.213000059,'5',1.485622644,7,0,2.812000036,'5',1.485620022,6,5,5.21600008,'6',2.920689821,0,10,4.123000145,'6',2.019394159,11,13,6.801000118,'6',2.086184025,5,10,3.948999882,'6',4.62202549,1,-10,5.901000023,'6',14.59852982,2,-5,4.18200016,'4',2.469863892,4,-5,3.714999914,'6',2.519852877,3,-15,7.303999901,'7',3.32072854,10,,,,,,,,,,,,,,,,,,,,,,,,,,,,,,,,,,,,,,,,,,,,,,MAER M R1 P2 v1,,,,,,,,,,,,,,,,,,,,,,,,,,,,,,,,,,,,,,,,,,,,,,,,,,,,,,,,,,,,,,,,,,,,,,,,,,,,,,,,
811,2019_May_22_1715,MAER M R1 P1 v1,-6,2.020999908,'2',1.151911616,9,6,4.757999897,'2',2.36901474,4,0,14.61100006,'1',7.725203991,0,-4,3.930000067,'2',2.302957296,1,21,3.073999882,'5',7.24129343,5,16,2.897000074,'4',1.852468848,6,13,2.638000011,'4',1.903068185,10,19,2.275000095,'3',1.485689402,7,-13,2.923000097,'3',2.786748409,11,-14,2.506000042,'3',1.769579291,3,-32,4.907000065,'6',4.104709625,8,-14,6.474999905,'3',6.307107925,2,,,,,,,,,,,,,,,,,,,,,,,,,,,,,,,,,,,,,,,,,,,,,,,,,,,,,,,,,,,,,,,,,,,,,,,,,,,,,,,,,,,,,,,,,,,,,,,,,,,,,,,,,,,,,,,,,,,,,,,,,,,,,,,,,,,,,,,,,,,,,,,,,,,,,,,,,,,,,,,,,,,,,,,,,,,MAER M R2 P2,12,2.20600009,'2',2.202956915,5,-23,4.208000183,'4',3.253979445,4,-5,1.988999963,'3',3.170401335,8,1,2.221999884,'1',1.268666029,10,-5,2.703999996,'3',2.302936554,6,20,3.089999914,'6',2.136160851,7,-13,6.468999863,'4',2.870674849,0,17,1.725000024,'6',2.302983761,1,-33,3.440999985,'6',4.52198267,3,-18,2.065000057,'3',1.619055152,9,-22,3.039999962,'5',2.553768158,2,-23,2.006000042,'4',1.485468507,11,,,,,,,,,,,,,,,,,,,,,,,,,,,,,,,,,,,,,,,,,,,,,,MAER M R1 P2 v1,,,,,,,,,,,,,,,,,,,,,,,,,,,,,,,,,,,,,,,,,,,,,,,,,,,,,,,,,,,,,,,,,,,,,,,,,,,,,,,,
827,2019_Jun_05_1710,MAER M R1 P1 v1,0,5.974999905,'num_5',2.019539118,4,15,6.007999897,'num_4',3.320668936,6,0,2.569000006,'num_1',2.153432846,9,0,2.569999933,'num_1',4.572142601,5,30,4.256999969,'num_6',2.069516659,10,25,11.41300011,'num_5',6.906765938,0,36,6.326000214,'num_7',3.303829908,2,25,8.645000458,'num_5',2.603633881,7,-10,5.272999763,'num_7',1.852844119,8,-18,7.19299984,'num_3',2.253160477,11,-50,3.694000006,'num_9',4.838684559,1,-20,3.674999952,'num_5',3.320663691,3,,,,,,,,,,,,,,,,,,,,,,,,,,,,,,,,,,,,,,,,,,,,,,,,,,,,,,,,,,,,,,,,,,,,,,,,,,,,,,,,,,,,,,,,,,,,,,,,,,,,,,,,,,,,,,,,,,,,,,,,,,,,,,,,,,,,,,,,,,,,,,,,,,,,,,,,,,,,,,,,,,,,,,,,,,,MAER M R2 P2,5,3.857000113,'num_2',3.004196882,4,0,3.223999977,'num_1',1.986022472,8,0,4.775000095,'num_1',2.503264189,5,10,5.775000095,'num_6',2.219744205,6,25,3.006000042,'num_5',3.637795687,7,25,3.805999994,'num_5',2.202946901,3,20,6.193999767,'num_5',2.219077349,11,35,5.27699995,'num_7',2.269881725,1,-30,3.638999939,'num_8',2.503207922,10,-18,4.090000153,'num_6',2.536137819,9,-30,3.480999947,'num_7',3.72134304,0,-15,3.105999947,'num_5',2.853598833,2,,,,,,,,,,,,,,,,,,,,,,,,,,,,,,,,,,,,,,,,,,,,,,MAER M R1 P2 v1,,,,,,,,,,,,,,,,,,,,,,,,,,,,,,,,,,,,,,,,,,,,,,,,,,,,,,,,,,,,,,,,,,,,,,,,,,,,,,,,
829,2019_May_26_1822,MAER M R1 P1 v1,8,6.19299984,'6',1.685925841,11,12,5.478000164,'5',3.604408741,3,18,14.94299984,'3',9.426762581,0,8,4.941999912,'5',1.535628676,5,31,15.17399979,'6',9.277351379,1,2,9.62899971,'3',2.920316458,2,22,4.643000126,'7',2.636880875,4,23,10.1960001,'6',2.903788805,8,-16,4.982999802,'6',2.386554956,10,-23,6.761000156,'7',4.088178635,9,-38,6.526000023,'8',2.169688702,7,-24,7.886000156,'7',4.288335323,6,,,,,,,,,,,,,,,,,,,,,,,,,,,,,,,,,,,,,,,,,,,,,,,,,,,,,,,,,,,,,,,,,,,,,,,,,,,,,,,,,,,,,,,,,,,,,,,,,,,,,,,,,,,,,,,,,,,,,,,,,,,,,,,,,,,,,,,,,,,,,,,,,,,,,,,,,,,,,,,,,,,,,,,,,,,MAER M R2 P2,6,4.906000137,'5',0.451172948,8,-7,4.941999912,'6',0.301058412,10,-4,3.872999907,'5',1.552385807,3,-10,6.691999912,'6',1.485718846,11,9,4.775000095,'6',2.019428968,6,-3,3.539999962,'4',10.61180496,7,18,5.039999962,'6',0.283854127,1,6,3.622999907,'6',1.419072866,5,-20,4.690999985,'7',1.68595922,2,-17,13.20300007,'6',0.900839686,4,-30,9.647000313,'7',4.154906273,9,-27,7.986999989,'7',1.936442018,0,,,,,,,,,,,,,,,,,,,,,,,,,,,,,,,,,,,,,,,,,,,,,,MAER M R1 P2 v1,,,,,,,,,,,,,,,,,,,,,,,,,,,,,,,,,,,,,,,,,,,,,,,,,,,,,,,,,,,,,,,,,,,,,,,,,,,,,,,,
835,2019_May_27_1117,MAER M R1 P1 v1,0,3.704999924,'num_1',3.704712391,3,0,7.492000103,'num_2',8.125851631,6,0,5.433000088,'num_1',3.837060452,4,0,2.572999954,'num_1',0.701635301,9,5,15.00399971,'num_3',7.72410202,2,15,4.960999966,'num_7',2.186124086,7,21,2.74000001,'num_7',2.83690691,10,10,7.602000237,'num_6',13.0636301,1,-5,11.69699955,'num_6',17.48373222,0,-10,5.927000046,'num_6',2.08638525,5,-44,9.501999855,'num_9',2.536962748,11,-11,5.416999817,'num_6',3.670653582,8,,,,,,,,,,,,,,,,,,,,,,,,,,,,,,,,,,,,,,,,,,,,,,,,,,,,,,,,,,,,,,,,,,,,,,,,,,,,,,,,,,,,,,,,,,,,,,,,,,,,,,,,,,,,,,,,,,,,,,,,,,,,,,,,,,,,,,,,,,,,,,,,,,,,,,,,,,,,,,,,,,,,,,,,,,,MAER M R2 P2,-12,2.555999994,'num_2',1.018523932,4,-12,3.473999977,'num_2',2.870187759,6,-11,3.698999882,'num_3',2.903073072,0,-10,3.605999947,'num_1',1.185421467,3,-21,3.707000017,'num_5',2.136372805,2,0,4.84100008,'num_5',1.619048834,8,10,2.555000067,'num_6',0.601537526,7,16,2.405999899,'num_7',1.43537724,9,-37,2.503999949,'num_8',1.719054461,10,-41,3.773999929,'num_8',1.485613704,1,-46,5.539999962,'num_9',1.952350974,5,-36,3.059000015,'num_8',1.185187459,11,,,,,,,,,,,,,,,,,,,,,,,,,,,,,,,,,,,,,,,,,,,,,,MAER M R1 P2 v1,,,,,,,,,,,,,,,,,,,,,,,,,,,,,,,,,,,,,,,,,,,,,,,,,,,,,,,,,,,,,,,,,,,,,,,,,,,,,,,,
836,2019_May_22_1029,MAER M R1 P1 v1,-10,7.40899992,'2',2.970462561,11,-5,5.859000206,'1',1.602309108,10,0,5.910999775,'1',2.018894911,3,0,3.589999914,'1',2.18616581,6,25,5.041999817,'3',3.270543814,7,22,15.75199986,'6',3.938193083,2,20,14.84599972,'2',8.642095566,0,20,6.491000175,'4',5.5730896,8,-15,12.57299995,'6',4.738815784,1,-20,8.463999748,'4',4.238379478,9,-50,3.891000032,'9',2.186318398,5,-20,8.510000229,'7',8.375861168,4,,,,,,,,,,,,,,,,,,,,,,,,,,,,,,,,,,,,,,,,,,,,,,,,,,,,,,,,,,,,,,,,,,,,,,,,,,,,,,,,,,,,,,,,,,,,,,,,,,,,,,,,,,,,,,,,,,,,,,,,,,,,,,,,,,,,,,,,,,,,,,,,,,,,,,,,,,,,,,,,,,,,,,,,,,,MAER M R2 P2,0,3.890000105,'2',2.30288887,10,0,4.507999897,'1',1.302648187,2,2,3.714999914,'1',0.417965084,8,0,3.055000067,'1',0.434595466,11,5,5.590000153,'1',1.969460607,4,25,5.452000141,'1',3.771513939,0,20,6.092000008,'1',1.368419409,1,10,5.092000008,'2',2.603383303,5,-35,6.827000141,'6',3.153864145,7,-30,10.71199989,'4',1.351946831,6,-20,8.609999657,'2',1.635787964,3,-26,7.592999935,'8',3.187110424,9,,,,,,,,,,,,,,,,,,,,,,,,,,,,,,,,,,,,,,,,,,,,,,MAER M R1 P2 v1,,,,,,,,,,,,,,,,,,,,,,,,,,,,,,,,,,,,,,,,,,,,,,,,,,,,,,,,,,,,,,,,,,,,,,,,,,,,,,,,
848,2019_Jun_04_0915,MAER M R1 P1 v1,0,1.32099998,'num_5',1.819612861,7,-2,5.558000088,'num_4',4.288292408,2,0,2.532000065,'num_2',2.987328529,8,3,4.448999882,'num_1',2.186352491,11,20,16.41200066,'num_6',7.257968903,1,0,8.942000389,'num_6',6.456535816,0,0,2.288000107,'num_5',1.585820556,4,14,2.680999994,'num_6',3.187213182,5,-17,6.874000072,'num_7',3.220485926,3,-25,4.322999954,'num_6',4.138061047,6,-35,6.367000103,'num_8',3.204104662,9,0,2.638000011,'num_5',1.652241707,10,,,,,,,,,,,,,,,,,,,,,,,,,,,,,,,,,,,,,,,,,,,,,,,,,,,,,,,,,,,,,,,,,,,,,,,,,,,,,,,,,,,,,,,,,,,,,,,,,,,,,,,,,,,,,,,,,,,,,,,,,,,,,,,,,,,,,,,,,,,,,,,,,,,,,,,,,,,,,,,,,,,,,,,,,,,MAER M R2 P2,0,1.741999984,'num_4',1.785426617,9,0,1.850000024,'num_3',1.96925211,10,10,5.050000191,'num_6',2.403075695,11,11,3.822999954,'num_6',4.30522871,1,30,4.867000103,'num_7',1.835475564,7,35,5.559999943,'num_8',2.236438274,8,15,4.074999809,'num_5',1.452315688,2,20,3.440999985,'num_6',3.404073715,4,-30,7.143000126,'num_8',2.419867039,5,-12,4.97300005,'num_6',2.486603975,6,-40,8.041999817,'num_8',1.853016615,3,-23,3.565999985,'num_7',1.936550498,0,,,,,,,,,,,,,,,,,,,,,,,,,,,,,,,,,,,,,,,,,,,,,,MAER M R1 P2 v1,,,,,,,,,,,,,,,,,,,,,,,,,,,,,,,,,,,,,,,,,,,,,,,,,,,,,,,,,,,,,,,,,,,,,,,,,,,,,,,,
852,2019_May_19_1416,MAER M R1 P1 v1,-5,6.56099987,'5',1.802487254,9,3,4.842000008,'4',7.024637222,8,6,14.76799965,'1',5.056096554,2,6,8.161000252,'5',3.787619352,5,39,5.992000103,'6',2.552902699,7,43,5.409999847,'7',8.759616852,6,31,8.812000275,'4',6.157176971,3,26,20.38400078,'5',6.474198818,0,-30,3.723999977,'7',1.969039321,11,-27,6.443999767,'7',2.786982775,4,-45,8.895999908,'8',3.036752462,10,-15,7.912000179,'6',4.77213335,1,,,,,,,,,,,,,,,,,,,,,,,,,,,,,,,,,,,,,,,,,,,,,,,,,,,,,,,,,,,,,,,,,,,,,,,,,,,,,,,,,,,,,,,,,,,,,,,,,,,,,,,,,,,,,,,,,,,,,,,,,,,,,,,,,,,,,,,,,,,,,,,,,,,,,,,,,,,,,,,,,,,,,,,,,,,MAER M R2 P2,7,5.534999847,'5',2.553663492,0,2,3.596999884,'4',3.353961468,9,2,10.3380003,'3',2.719965219,7,5,5.135000229,'5',2.97030139,3,45,5.691999912,'8',2.269601583,2,45,6.083000183,'8',2.353393793,5,31,3.913000107,'7',1.669108272,11,22,6.507999897,'6',7.007680416,6,-30,11.78899956,'8',2.519811869,8,-21,10.04800034,'7',1.919129848,1,-27,3.832000017,'7',4.938827038,10,,,,,,20,5.407999992,'6',2.736730099,4,,,,,,,,,,,,,,,,,,,,,,,,,,,,,,,,,,,,,,,,,MAER M R1 P2 v1,,,,,,,,,,,,,,,,,,,,,,,,,,,,,,,,,,,,,,,,,,,,,,,,,,,,,,,,,,,,,,,,,,,,,,,,,,,,,,,,
855,2019_Jun_05_1416,MAER M R1 P1 v1,10,6.308000088,'num_2',1.51918602,11,15,5.717999935,'num_6',2.486103535,4,0,2.638999939,'num_1',1.70245564,7,0,6.776000023,'num_1',8.5760355,6,10,5.039999962,'num_6',2.770259857,9,19,14.16600037,'num_7',10.27679729,0,20,5.223999977,'num_7',2.469955206,10,5,4.606999874,'num_5',4.555385113,8,-5,11.81299973,'num_7',2.086071491,5,9,3.888999939,'num_6',3.804641962,3,10,5.835999966,'num_8',12.9128046,1,10,8.675999641,'num_5',2.803474426,2,,,,,,,,,,,,,,,,,,,,,,,,,,,,,,,,,,,,,,,,,,,,,,,,,,,,,,,,,,,,,,,,,,,,,,,,,,,,,,,,,,,,,,,,,,,,,,,,,,,,,,,,,,,,,,,,,,,,,,,,,,,,,,,,,,,,,,,,,,,,,,,,,,,,,,,,,,,,,,,,,,,,,,,,,,,MAER M R2 P2,15,3.357000113,'num_1',1.335593224,9,-26,3.375,'num_1',1.468829989,4,15,3.688999891,'num_1',1.168571472,8,5,5.257999897,'num_2',2.052808523,6,-5,6.793000221,'num_8',1.769263148,5,20,3.957999945,'num_7',0.534353435,10,-26,2.404000044,'num_7',2.670210361,3,20,6.894000053,'num_8',1.835537076,7,0,13.88199997,'num_6',1.81923008,11,-20,4.657000065,'num_7',3.487669706,1,-20,7.400000095,'num_7',3.204090595,0,-23,5.142000198,'num_6',2.803657532,2,,,,,,,,,,,,,,,,,,,,,,,,,,,,,,,,,,,,,,,,,,,,,,MAER M R1 P2 v1,,,,,,,,,,,,,,,,,,,,,,,,,,,,,,,,,,,,,,,,,,,,,,,,,,,,,,,,,,,,,,,,,,,,,,,,,,,,,,,,
857,2019_May_31_1220,MAER M R1 P1 v1,28,7.414999962,'6',6.940691948,6,25,11.94699955,'5',8.275605202,4,30,11.18500042,'5',6.090358257,2,30,6.074999809,'5',6.123641491,7,32,8.604999542,'4',8.408251762,1,25,7.493000031,'6',4.088233948,9,30,7.043000221,'6',5.172736645,5,32,9.979999542,'7',4.088020325,11,20,8.730999947,'7',3.120613575,8,30,31.74300003,'6',7.09114027,0,15,9.793999672,'8',4.971651077,3,22,14.16800022,'7',2.403439522,10,,,,,,,,,,,,,,,,,,,,,,,,,,,,,,,,,,,,,,,,,,,,,,,,,,,,,,,,,,,,,,,,,,,,,,,,,,,,,,,,,,,,,,,,,,,,,,,,,,,,,,,,,,,,,,,,,,,,,,,,,,,,,,,,,,,,,,,,,,,,,,,,,,,,,,,,,,,,,,,,,,,,,,,,,,,MAER M R2 P2,23,15.13599968,'5',1.96952188,10,20,10.44699955,'5',2.503086329,5,26,7.328000069,'5',2.653396368,3,20,10.21399975,'5',5.873157978,8,26,7.56099987,'5',4.67212534,11,24,5.958000183,'6',5.356161118,6,24,8.19299984,'6',4.138316154,9,25,6.875,'6',3.654285908,2,22,9.340000153,'7',2.602692127,0,18,9.413000107,'8',4.772168159,1,15,8.229000092,'8',2.38602376,4,19,6.843999863,'8',2.703536987,7,,,,,,,,,,,,,,,,,,,,,,,,,,,,,,,,,,,,,,,,,,,,,,MAER M R1 P2 v1,,,,,,,,,,,,,,,,,,,,,,,,,,,,,,,,,,,,,,,,,,,,,,,,,,,,,,,,,,,,,,,,,,,,,,,,,,,,,,,,
689,2019_May_13_0917,MAER M R1 P1 v1,,,,,,,,,,,,,,,,,,,,,,,,,,,,,,,,,,,,19,3.871999979,'num_7',1.969317198,7,-8,11.30500031,'num_6',3.471066952,0,,,,,,,,,,,,,,,,10,6.862999916,'num_2',3.370637655,2,7,2.621999979,'num_5',1.668935537,8,5,2.487999916,'num_5',1.352042079,11,17,4.590000153,'num_5',2.736768007,5,15,3.505000114,'num_3',2.386319876,3,12,2.987999916,'num_6',1.58573544,10,10,3.24000001,'num_5',2.803519487,9,-10,3.423000097,'num_6',2.419881821,6,-12,4.756999969,'num_6',2.519657373,1,-14,4.808000088,'num_7',2.203040361,4,'num_1',1.912114739,39,'num_2',1.781423569,12,'num_1',5.116389275,27,'num_2',4.784326553,20,'num_1',1.615982533,8,'num_2',1.723206401,18,'num_1',4.596028805,24,'num_2',4.867568016,38,'num_1',1.633860826,19,'num_2',1.886773348,0,'num_1',4.730625153,14,'num_2',4.882397175,26,'num_1',1.709343314,34,'num_2',1.847672343,4,'num_1',4.713891029,29,'num_2',4.851751804,25,'num_1',1.746237397,3,'num_2',1.798565984,13,'num_1',4.799589634,9,'num_2',5.065312386,37,'num_1',1.869582057,7,'num_2',1.776670456,30,'num_1',4.678813934,11,'num_2',5.061418056,16,'num_1',1.946576476,32,'num_2',1.610127568,17,'num_1',4.776275635,31,'num_2',4.900342464,33,'num_1',1.76377213,5,'num_2',1.893513799,1,'num_1',1.710314989,6,'num_2',1.812115669,15,'num_1',4.712446213,23,num_2',4.97729969,2,'num_1',1.943575144,22,'num_2',2.033544779,10,'num_1',4.649250031,35,'num_2',4.712165833,36,'num_1',1.798287749,21,'num_2',1.978463173,28,MAER M R2 P2,,,,,,,,,,,,,,,,,,,,,,,,,,,,,,,,,,,,,,,,,,,,,,,,,,,,,,,,,,,,,,,,,,,,,,,,,,,,,,,,,,,,,,,,,,,,,,,,,,,,,,,,,,MAER M R1 P2 v1,num_1,4.584897429,num_1,1.659318378,num_2,1.714288719,num_2,1.800600459,num_2,5.177557493,num_2,3.035569009,num_1,1.565564904,num_1,2.387435917,num_2,1.77104415,num_1,1.679217589,num_1,4.998596205,num_1,1.999090478,num_1,1.642414551,,,num_2,1.755055854,num_1,1.710808077,,,num_2,1.963152192,num_2,4.928880912,num_2,4.686083924,num_2,1.617342453,num_2,1.727004899,num_1,1.744554136,num_1,4.818201977,,,num_2,4.71323377,num_2,5.067299516,num_1,4.838939498,num_1,1.716923238,num_1,4.599593104,num_1,4.684742627,num_1,4.636922565,num_1,4.664691979,num_2,4.702874774,,,num_2,1.8015226,num_1,1.612348946,num_1,4.730326292,num_2,4.752736829,num_2,2.030717924
703,2019_May_02_0937,MAER M R1 P1 v1,,,,,,,,,,,,,,,,,,,,,,,,,,,,,,,,,,,,20,5.375999928,'num_6',3.754430532,4,-15,11.01500034,'num_8',1.885733247,7,,,,,,,,,,,,,,,,5,3.84100008,'num_5',2.052439213,5,5,7.861000061,'num_5',3.771133661,1,8,6.15899992,'num_6',6.474517345,6,9,5.143000126,'num_4',3.637686729,11,30,6.356999874,'num_7',4.139047623,3,25,17.57900047,'num_7',6.824188232,0,2,8.928999901,'num_5',3.587573051,9,-32,7.84499979,'num_8',3.70474124,10,-10,13.05000019,'num_8',4.855496883,2,-25,4.857999802,'num_8',4.054995537,8,'num_1',2.234475613,32,'num_2',2.002060652,18,'num_1',5.250752449,38,'num_2',5.202241898,33,'num_1',2.151047707,17,'num_2',2.022193909,13,num_1',5.153380394,5,'num_2',4.920363426,28,'num_1',2.303411245,36,'num_2',2.368890762,11,'num_2',5.138872623,19,'num_2',5.016440868,10,'num_1',2.314231157,26,num_2',2.403358221,15,'num_1',5.304281712,31,'num_2',4.921836376,20,'num_1',2.316604376,8,'num_2',2.419419289,30,'num_1',5.237587929,22,'num_2',5.188499928,37,'num_1',2.380842209,0,'num_2',2.150220633,1,'num_1',5.20008707,29,'num_2',5.11647892,27,'num_1',1.767331481,34,'num_2',2.269898653,7,'num_1',4.812143803,39,'num_2',5.337830067,2,'num_1',2.168434381,35,'num_2',2.319435835,4,'num_1',2.018882036,21,'num_2',2.01700449,3,'num_1',5.352870464,9,'num_2',5.032285213,23,'num_1',2.30102849,25,'num_2',2.067804813,24,'num_1',5.254805565,16,'num_2',4.919513702,12,'num_1',2.169590235,14,num_2',2.31938386,6,MAER M R2 P2,,,,,,,,,,,,,,,,,,,,,,,,,,,,,,,,,,,,,,,,,,,,,,,,,,,,,,,,,,,,,,,,,,,,,,,,,,,,,,,,,,,,,,,,,,,,,,,,,,,,,,,,,,MAER M R1 P2 v1,num_1,5.372922479,num_1,2.033069361,num_2,1.768308952,num_2,1.644001159,,,num_2,1.653986658,num_1,3.069250683,num_1,1.881308881,num_2,1.656093549,,,num_1,4.953253873,num_1,2.548976511,num_1,2.374604507,num_2,5.309282461,num_2,2.003634177,,,num_2,1.883522138,num_2,2.049439234,num_2,4.832411994,,,,,num_2,1.806681598,num_1,2.20251547,num_1,5.319852373,num_2,5.151765288,,,num_2,4.838148556,num_1,5.801966031,num_1,1.800039121,num_1,4.484778821,num_1,4.921137902,num_1,5.171173207,num_1,4.618885523,num_2,4.707081403,,,num_2,2.251400037,,,num_1,5.370384415,num_2,5.288344251,num_2,1.700499621
717,2019_May_06_1117,MAER M R1 P1 v1,,,,,,,,,,,,,,,,,,,,,,,,,,,,,,,,,,,,15,15.87699986,'num_7',4.004811764,3,0,1.975999951,'num_6',5.088929176,1,,,,,,,,,,,,,,,,10,5.977000237,'num_5',1.65248251,7,0,1.781999946,'num_5',2.65337038,2,0,1.409000039,'num_7',1.485118866,11,10,4.993999958,'num_5',3.420415401,8,0,1.828999996,'num_5',1.718641043,9,10,7.81400013,'num_7',2.452935934,6,-15,5.665999889,'num_5',5.338711262,5,0,17.36300087,'num_6',5.789419651,0,-25,6.997000217,'num_8',3.003448725,4,-10,7.421000004,'num_7',3.120695114,10,'num_1',1.872339368,30,'num_2',1.872364044,28,'num_1',4.902547836,20,'num_2',4.694448948,8,'num_1',1.772909999,0,'num_2',1.894087076,35,'num_1',4.924276829,2,'num_2',4.658873081,10,'num_1',1.809114337,3,'num_2',1.70898211,4,'num_1',5.05916214,29,'num_2',4.859525681,25,'num_1',1.788520217,6,'num_2',1.740812898,19,'num_1',4.971048832,13,'num_2',4.875890732,31,'num_1',1.804258227,27,'num_2',1.690574765,1,'num_1',4.76875639,5,'num_2',4.774924278,17,'num_1',2.047992468,22,'num_2',1.850300312,23,'num_1',4.786497593,18,'num_2',4.874041557,33,'num_1',1.921566486,32,'num_2',1.90100348,11,'num_1',4.840845108,36,'num_2',4.719017506,12,'num_1',1.822026134,16,'num_2',1.890776753,15,'num_1',1.784552217,14,'num_2',1.788409948,21,'num_1',4.95903492,34,'num_2',4.761598587,37,'num_1',1.769587994,7,'num_2',1.807186007,38,'num_1',4.897483826,26,'num_2',4.674723148,9,'num_1',1.890563726,39,'num_2',1.917247534,24,MAER M R2 P2,,,,,,,,,,,,,,,,,,,,,,,,,,,,,,,,,,,,,,,,,,,,,,,,,,,,,,,,,,,,,,,,,,,,,,,,,,,,,,,,,,,,,,,,,,,,,,,,,,,,,,,,,,MAER M R1 P2 v1,num_1,5.151981188,num_1,1.863123995,num_2,1.846766156,num_2,2.103057604,num_2,5.00908228,num_2,1.919758819,num_1,2.102164009,num_1,1.912104369,num_2,1.773995539,num_1,2.112160616,num_1,5.102829247,num_1,1.878060316,num_1,1.808251423,num_2,4.954222628,num_2,1.928587804,num_1,2.235530834,num_2,1.851790601,num_2,1.834164181,num_2,4.816743281,num_2,5.063834665,num_2,1.998429147,num_2,2.212897697,num_1,1.769291996,num_1,5.284340841,num_2,4.918460793,num_2,4.86775152,num_2,5.019493235,num_1,4.820940534,num_1,1.901103593,num_1,4.820102827,num_1,5.223901177,num_1,4.86355607,num_1,4.937383737,num_2,4.906605183,num_1,1.882583578,num_2,2.118245717,num_1,1.784409799,num_1,4.864384463,num_2,4.906286385,num_2,1.856717393
748,2019_May_07_2013,MAER M R1 P1 v1,,,,,,,,,,,,,,,,,,,,,,,,,,,,,,,,,,,,10,2.437000036,'num_7',3.387380123,10,-30,3.720999956,'num_8',1.669513464,2,,,,,,,,,,,,,,,,5,5.014999866,'num_3',1.284920096,11,0,2.855999947,'num_2',2.970247507,6,0,9.244999886,'num_3',1.935842633,9,0,4.592000008,'num_2',0.818024158,3,5,3.270999908,'num_6',1.65248704,5,-10,10.88700008,'num_6',6.924163818,0,20,5.798999786,'num_7',4.238394737,8,-20,2.48300004,'num_7',3.070096731,4,-35,6.5,'num_8',2.353080034,7,-20,5.888999939,'num_7',4.755446434,1,'num_1',1.592339396,19,'num_2',1.559675097,20,'num_1',4.643521786,13,'num_2',4.547147274,33,'num_1',1.544224977,12,'num_2',1.644381523,2,'num_1',4.660045147,8,'num_2',4.647965431,28,'num_1',1.677065134,14,'num_2',1.706069112,36,'num_1',4.648010731,34,'num_2',4.666014194,27,'num_1',1.55541873,11,'num_2',1.610226989,23,'num_1',4.61519146,5,'num_2',4.501859188,9,'num_1',1.693326831,6,'num_2',1.997533202,30,'num_1',4.613309383,26,'num_2',5.197764397,35,'num_1',1.603677034,29,'num_2',1.66039598,21,'num_1',4.641598225,31,'num_2',4.607696056,39,'num_1',1.608947515,17,'num_2',1.494465828,16,'num_1',4.639894962,15,'num_2',4.576917171,18,'num_1',1.543667912,22,'num_2',2.036468029,0,'num_1',1.773915648,25,'num_2',2.277851343,38,'num_1',4.628817081,3,,,24,'num_1',1.627939939,10,'num_2',1.594394922,4,'num_1',4.767243862,1,'num_2',4.562286854,37,'num_1',1.623273015,32,'num_2',1.722370982,7,MAER M R2 P2,,,,,,,,,,,,,,,,,,,,,,,,,,,,,,,,,,,,,,,,,,,,,,,,,,,,,,,,,,,,,,,,,,,,,,,,,,,,,,,,,,,,,,,,,,,,,,,,,,,,,,,,,,MAER M R1 P2 v1,num_1,4.665163219,num_1,1.57633403,num_2,1.662431354,num_2,1.626135285,num_2,5.174464692,num_2,2.22661231,num_1,1.51466755,num_1,1.764447532,num_2,1.58818934,num_1,1.526609696,num_1,4.561507682,num_1,1.479136175,num_1,1.577120358,num_2,4.614101797,num_2,2.062264413,num_1,1.56163448,num_2,1.59478644,num_2,1.707218981,num_2,4.524522637,num_2,4.51505816,num_2,1.546107438,num_2,1.709100819,num_1,1.865142547,num_1,4.747473731,num_2,4.77822344,num_2,4.712514449,num_2,4.632114921,num_1,4.450002689,num_1,1.562148282,num_1,4.728115407,num_1,4.835396104,num_1,4.580058646,num_1,4.503082362,num_2,4.515981502,num_1,1.509074919,num_2,1.781281315,num_1,1.643232279,num_1,4.663970357,num_2,4.531939417,num_2,2.443801307
761,2019_May_13_1115,MAER M R1 P1 v1,,,,,,,,,,,,,,,,,,,,,,,,,,,,,,,,,,,,5,6.525000095,'num_6',3.170205116,6,0,12.12800026,'num_5',5.355030537,0,,,,,,,,,,,,,,,,0,3.671000004,'num_1',2.570068359,11,0,3.290999889,'num_1',2.235718489,7,0,5.791999817,'num_1',2.335936785,5,0,2.102999926,'num_1',2.586611032,8,0,6.183000088,'num_1',4.538528442,1,5,5.322999954,'num_6',1.619282842,10,5,6.339000225,'num_6',2.670818806,3,-5,6.21999979,'num_6',5.054850578,9,-10,6.603000164,'num_6',4.070612907,2,-5,5.55700016,'num_6',3.587754965,4,'num_1',1.531253099,14,'num_2',1.717992663,39,'num_1',4.505649567,36,'num_2',4.604814529,34,'num_1',1.634137511,37,'num_2',1.536989927,25,'num_1',4.83643961,7,'num_2',4.503152847,38,'num_1',1.817358017,11,'num_2',1.619085789,22,'num_1',4.571036339,20,'num_2',4.503739834,9,'num_1',1.530155778,3,'num_2',2.335571527,26,'num_1',4.48912859,13,'num_2',4.975095749,5,'num_1',1.514449,16,'num_2',1.616909742,31,'num_1',4.672019005,27,'num_2',4.537326813,29,'num_1',1.662171006,32,'num_2',1.500506878,4,'num_1',4.514377594,6,'num_2',4.531924248,18,'num_1',2.117474318,35,'num_2',1.750936985,33,'num_1',4.533660412,23,'num_2',5.172206879,0,'num_1',1.667009473,2,'num_2',1.630912542,8,'num_1',1.650792837,19,'num_2',1.53290081,15,'num_1',4.602880001,28,'num_2',4.536828995,21,'num_1',1.665005088,10,'num_2',1.918513775,12,'num_1',4.519293785,30,'num_2',5.067225456,1,'num_1',1.717355967,24,'num_2',1.66491878,17,MAER M R2 P2,,,,,,,,,,,,,,,,,,,,,,,,,,,,,,,,,,,,,,,,,,,,,,,,,,,,,,,,,,,,,,,,,,,,,,,,,,,,,,,,,,,,,,,,,,,,,,,,,,,,,,,,,,MAER M R1 P2 v1,num_1,4.552420855,num_1,1.550246055,num_2,1.599607827,num_2,1.569285922,num_2,4.564303532,num_2,1.685042796,num_1,1.515039713,num_1,1.532984969,num_2,1.59595742,num_1,1.468216009,num_1,4.48578718,num_1,1.512949045,num_1,1.416279812,num_2,4.617959919,num_2,2.720378339,num_1,1.55127937,num_2,1.567250239,num_2,2.302090188,num_2,4.982737111,num_2,4.52465775,num_2,1.768341425,num_2,1.621607621,num_1,1.600456654,num_1,4.469897137,num_2,4.550215707,num_2,4.501502349,num_2,4.756081658,num_1,4.402894786,num_1,1.56733377,num_1,4.820760777,num_1,4.524739478,num_1,4.469669381,num_1,4.520865822,num_2,4.569831575,num_1,1.724829498,num_2,1.552440085,num_1,1.549723838,num_1,4.588014502,num_2,4.637516293,num_2,1.747845782
779,2019_May_06_1025,MAER M R1 P1 v1,,,,,,,,,,,,,,,,,,,,,,,,,,,,,,,,,,,,0,2.09800005,'num_4',4.405286312,2,0,3.016000032,'num_6',2.987334728,4,,,,,,,,,,,,,,,,0,1.230999947,'num_1',2.954233646,9,0,1.718000054,'num_1',3.753896236,5,0,0.763999999,'num_2',2.253075123,8,0,1.465000033,'num_1',2.135507345,6,0,3.799999952,'num_2',7.824491024,1,0,17.95199966,'num_4',10.05988312,0,0,1.56400001,'num_4',5.139140606,3,0,1.297000051,'num_2',3.754359245,10,0,1.61500001,'num_6',1.618790269,11,0,1.381000042,'num_5',3.020682096,7,'num_1',1.544942498,16,'num_2',1.762836456,8,'num_1',4.58045435,29,'num_2',4.600626469,23,'num_1',1.714607477,14,'num_2',1.800371647,18,'num_1',4.594826221,2,'num_2',4.64841032,12,'num_1',1.848884463,37,'num_2',1.549618125,17,'num_1',4.60403347,19,'num_2',4.62290144,33,'num_1',1.589405894,4,'num_2',1.748134494,11,'num_1',4.547760487,9,'num_2',5.27370882,7,'num_1',1.613012552,30,'num_2',1.746790767,1,'num_1',4.603353977,31,'num_2',4.954121113,34,'num_1',2.299336672,0,'num_2',1.673380733,24,'num_1',4.676484108,3,'num_2',4.71391058,27,'num_1',1.662982702,15,'num_2',1.778645277,25,'num_1',4.729094982,26,'num_2',5.1653862,39,'num_1',1.831629992,13,'num_2',1.647989869,6,'num_1',1.632979035,22,'num_2',1.662282944,38,'num_1',4.715489864,35,'num_2',4.651987553,5,'num_1',1.645555854,20,'num_2',1.778649211,21,'num_1',4.666464329,32,'num_2',4.619267941,10,'num_1',1.630003572,28,num_2',1.933254123,36,MAER M R2 P2,,,,,,,,,,,,,,,,,,,,,,,,,,,,,,,,,,,,,,,,,,,,,,,,,,,,,,,,,,,,,,,,,,,,,,,,,,,,,,,,,,,,,,,,,,,,,,,,,,,,,,,,,,MAER M R1 P2 v1,,,,,,,,,,,,,,,,,,,,,,,,,,,,,,,,,,,,,,,,,,,,,,,,,,,,,,,,,,,,,,,,,,,,,,,,,,,,,,,,
787,2019_May_01_1924,MAER M R1 P1 v1,,,,,,,,,,,,,,,,,,,,,,,,,,,,,,,,,,,,32,8.543999672,'7',3.621181965,11,20,17.78100014,'num_7',8.12502861,0,,,,,,,,,,,,,,,,14,7.242000103,'5',2.136282206,10,20,8.519000053,'5',2.219204426,6,18,6.708000183,'6',4.021494865,7,30,11.51399994,'2',3.737932444,2,18,6.752999783,'6',2.536370039,8,39,4.275000095,'3',2.903526783,3,20,8.093999863,'5',8.992744446,5,16,7.669000149,'7',2.786565304,4,-10,7.425000191,'8',3.037329912,9,16,12.97799969,'8',4.754385471,1,'num_1',1.532432199,10,'num_2',1.637524247,31,'num_1',4.653455257,17,'num_2',4.43550396,5,'num_1',1.783972621,14,'num_2',1.619389176,36,'num_1',4.466457367,28,'num_2',4.586553097,20,'num_1',1.534497261,13,'num_2',1.61761272,25,'num_1',4.568525314,2,'num_2',4.570521832,38,'num_1',1.648561358,39,'num_2',1.667647481,24,'num_1',4.520375729,16,'num_2',4.661190987,35,'num_1',1.514532924,1,'num_2',1.48434186,8,'num_1',4.552828789,32,'num_2',4.47079134,23,'num_1',1.546643734,15,'num_2',2.654473066,0,'num_1',4.748348236,29,'num_2',4.453325748,33,'num_1',1.399209261,7,'num_2',1.686659336,27,'num_1',4.530868053,21,'num_2',4.504454136,12,'num_1',1.750714898,26,'num_2',1.884595513,18,'num_1',1.585085154,9,'num_2',1.568563342,19,'num_1',4.820355892,30,'num_2',4.703032017,22,'num_1',1.635206461,11,'num_2',1.682701588,6,'num_1',4.421127319,37,'num_2',4.566119194,3,'num_1',1.584142327,4,'num_2',1.767209768,34,MAER M R2 P2,,,,,,,,,,,,,,,,,,,,,,,,,,,,,,,,,,,,,,,,,,,,,,,,,,,,,,,,,,,,,,,,,,,,,,,,,,,,,,,,,,,,,,,,,,,,,,,,,,,,,,,,,,MAER M R1 P2 v1,num_1,4.707208164,num_1,1.416058993,num_2,1.672127793,num_2,1.509016928,num_2,4.687543361,num_2,1.722982192,num_1,1.469387154,num_1,1.519664652,num_2,1.591810293,num_1,1.416474842,num_1,4.657640674,num_1,1.558242184,num_1,1.489608125,num_2,4.686708959,num_2,1.591163083,num_1,1.576349955,num_2,1.598488821,num_2,1.604623799,num_2,4.738809103,num_2,4.419171252,num_2,1.722427526,num_2,1.557461865,num_1,1.607622781,num_1,4.590905881,num_2,4.584039561,num_2,4.736719941,num_2,4.736529143,num_1,5.027449056,num_1,1.633295164,num_1,4.458191074,num_1,4.693550941,num_1,4.723496896,num_1,4.647012781,num_2,4.694295804,num_1,1.699900455,num_2,1.593150386,num_1,1.541173434,num_1,5.242946112,num_2,4.740144087,num_2,1.718099869
792,2019_May_13_1217,MAER M R1 P1 v1,,,,,,,,,,,,,,,,,,,,,,,,,,,,,,,,,,,,20,8.329000473,'num_6',4.688900948,9,10,16.17399979,'num_7',4.454913616,5,,,,,,,,,,,,,,,,15,9.369000435,'num_3',3.570689678,8,15,10.63399982,'num_2',4.438725471,2,19,8.782999992,'num_5',2.102612495,10,15,8.998000145,'num_3',4.171527386,6,15,4.744999886,'num_5',2.152904272,11,15,24.60499954,'num_5',4.321550369,0,12,5.880000114,'num_5',2.703367949,4,16,19.04299927,'num_6',10.81138039,1,10,6.796999931,'num_7',4.688547611,7,15,11.35200024,'num_7',12.71272564,3,'num_1',1.658688307,28,'num_2',1.643771768,0,'num_1',4.577609539,6,'num_2',4.862750053,8,'num_1',1.493926287,25,'num_2',1.645240188,11,'num_1',4.746796608,5,'num_2',4.628242493,16,'num_1',1.543579817,33,'num_2',1.491525531,39,'num_1',4.477607727,32,'num_2',4.767232895,15,'num_1',1.66543889,37,'num_2',1.439264536,19,'num_1',4.570032597,2,'num_2',4.798831463,20,'num_1',1.799228549,10,'num_2',1.591890812,38,'num_1',4.460832596,17,'num_2',4.476595879,34,'num_1',1.631865025,26,'num_2',1.574460268,27,'num_1',4.472300529,35,'num_2',4.507489204,31,'num_1',1.566735864,3,'num_2',1.690143824,9,'num_1',4.529189587,22,'num_2',4.754002571,12,'num_1',1.541329622,18,'num_2',1.656361461,30,'num_1',1.708136559,24,'num_2',2.008617401,36,'num_1',4.735305309,13,'num_2',4.86101532,29,'num_1',1.883489847,4,'num_2',1.508196831,21,'num_1',4.629161835,7,'num_2',4.684633732,1,'num_1',1.690711737,23,'num_2',2.234244823,14,MAER M R2 P2,,,,,,,,,,,,,,,,,,,,,,,,,,,,,,,,,,,,,,,,,,,,,,,,,,,,,,,,,,,,,,,,,,,,,,,,,,,,,,,,,,,,,,,,,,,,,,,,,,,,,,,,,,MAER M R1 P2 v1,,,,,,,,,,,,,,,,,,,,,,,,,,,,,,,,,,,,,,,,,,,,,,,,,,,,,,,,,,,,,,,,,,,,,,,,,,,,,,,,
802,2019_May_06_0922,MAER M R1 P1 v1,,,,,,,,,,,,,,,,,,,,,,,,,,,,,,,,,,,,5,3.338999987,'num_6',1.719097137,4,-20,16.54500008,'num_7',4.505401134,0,,,,,,,,,,,,,,,,0,3.85800004,'num_5',1.235132098,8,0,1.919999957,'num_5',1.234860182,10,0,1.264000058,'num_5',2.669410467,1,0,2.999000072,'num_5',1.869488478,2,3,3.413000107,'num_6',1.502421379,7,8,3.138000011,'num_7',2.803601742,9,6,3.221999884,'num_6',2.552505255,6,-5,5.389999866,'num_4',2.08632803,3,-19,7.507999897,'num_3',3.721051455,11,-3,3.290999889,'num_4',2.803215027,5,'num_1',2.033568144,35,'num_2',1.749919891,13,'num_1',5.253852367,25,'num_2',4.870503426,32,'num_1',2.015017986,19,'num_2',1.933335185,34,'num_1',4.832099915,10,'num_2',5.339001179,29,'num_1',2.113241196,24,'num_2',2.383438349,27,'num_1',4.803903103,37,'num_2',4.95384264,8,'num_1',2.262529373,9,'num_2',1.966480613,2,'num_1',5.03642416,39,'num_1',5.391188622,6,'num_1',1.898506045,33,'num_2',2.350291729,1,'num_1',5.334905624,5,'num_2',4.940571308,7,'num_1',1.827769279,11,'num_2',2.113918066,31,'num_1',4.531029701,14,'num_1',5.429303646,16,'num_1',3.787165165,0,'num_2',2.403568506,20,'num_1',4.913606167,36,'num_2',5.080323219,4,'num_1',2.388121128,26,'num_2',2.033002377,21,'num_1',2.431950808,18,'num_1',2.31618166,17,'num_1',5.16943121,22,'num_2',5.114216805,23,'num_1',1.849758863,15,'num_2',1.66220212,12,'num_1',5.205573559,30,'num_1',5.399442196,3,'num_1',2.283934116,28,'num_2',2.135288715,38,MAER M R2 P2,,,,,,,,,,,,,,,,,,,,,,,,,,,,,,,,,,,,,,,,,,,,,,,,,,,,,,,,,,,,,,,,,,,,,,,,,,,,,,,,,,,,,,,,,,,,,,,,,,,,,,,,,,MAER M R1 P2 v1,,,num_1,1.677471636,,,num_2,2.163625268,,,num_2,1.643904128,num_1,2.322690316,,,None,,,,,,,,,,num_2,4.863892596,,,num_1,1.71313642,,,num_2,1.944598902,,,,,,,,,num_1,1.728140946,,,num_2,5.061172509,,,,,,,,,num_1,4.58161117,num_1,4.533406908,,,num_1,4.663494714,num_2,4.796328508,,,num_2,1.731597543,num_1,1.642113031,,,num_2,4.836554112,,
812,2019_May_06_1216,MAER M R1 P1 v1,,,,,,,,,,,,,,,,,,,,,,,,,,,,,,,,,,,,40,3.872999907,'num_8',4.087630749,7,-40,8.871999741,'num_8',4.13739872,4,,,,,,,,,,,,,,,,15,6.024000168,'num_6',4.42180109,3,0,6.875999928,'num_5',4.071200848,1,25,6.127999783,'num_7',2.003285885,6,10,8.640000343,'num_5',5.789130688,2,-10,3.607000113,'num_7',1.669081926,8,15,4.859000206,'num_8',0.918138385,10,10,4.955999851,'num_7',1.33513546,11,-20,27.39500046,'num_7',7.490679741,0,-50,4.974999905,'num_9',3.470772982,5,-25,4.606999874,'num_8',1.752441406,9,'num_1',1.937808037,15,'num_2',2.353107691,32,'num_1',5.370580196,27,'num_2',4.706035614,6,'num_1',3.25214529,11,'num_2',1.870519996,39,'num_1',5.503406525,20,'num_2',4.856264114,25,'num_1',2.169761181,13,'num_2',1.620188951,19,'num_1',5.4201684,12,'num_2',5.756759167,24,'num_1',2.416975498,4,'num_2',2.337900639,26,'num_1',5.855616093,38,'num_2',4.724693298,35,'num_1',2.370108366,0,'num_2',1.885603905,14,'num_1',5.856104851,22,'num_2',4.5539608,21,'num_1',2.496707916,33,'num_2',1.749328852,7,'num_1',4.697916985,16,'num_2',5.819840908,5,'num_1',1.984428167,28,'num_2',2.837551355,3,'num_1',4.852468014,29,'num_2',5.404214382,36,'num_1',2.151471853,37,'num_2',2.567314863,23,'num_1',2.573375225,8,'num_2',1.917827725,17,'num_1',5.385103226,30,'num_2',5.386812687,10,'num_1',1.747731805,31,'num_2',2.334733963,1,'num_1',4.990982056,18,'num_2',5.053640842,9,'num_1',2.435970783,2,'num_2',2.63675952,34,MAER M R2 P2,,,,,,,,,,,,,,,,,,,,,,,,,,,,,,,,,,,,,,,,,,,,,,,,,,,,,,,,,,,,,,,,,,,,,,,,,,,,,,,,,,,,,,,,,,,,,,,,,,,,,,,,,,MAER M R1 P2 v1,num_1,5.840342427,num_1,1.68610772,num_2,1.70297185,num_2,2.735666496,num_2,4.697221171,num_2,3.18626171,num_1,2.35018895,num_1,2.416557772,num_2,2.507443672,num_1,2.871538032,num_1,5.153875346,num_1,2.469742609,num_1,1.97092811,num_2,5.366810601,num_2,2.386982596,num_1,2.48711964,num_2,2.320218958,num_2,1.767569406,num_2,5.585167522,num_2,5.489978003,num_2,1.601321643,num_2,2.333738866,num_1,2.287498772,num_1,5.070733436,num_2,4.771300031,num_2,5.873944189,num_2,5.538293137,num_1,5.357127083,num_1,1.950780454,num_1,4.570980572,num_1,5.407447848,num_1,5.373979494,num_1,5.6385705,num_2,4.406198798,num_1,1.466189261,num_2,2.619910466,num_1,2.536048633,num_1,5.471682738,num_2,5.207444784,num_2,2.015988262
813,2019_May_13_1021,MAER M R1 P1 v1,,,,,,,,,,,,,,,,,,,,,,,,,,,,,,,,,,,,11,12.97500038,'num_3',7.992179394,0,0,11.30500031,'num_6',4.555263519,5,,,,,,,,,,,,,,,,5,7.014999866,'num_2',3.887360811,1,20,11.03800011,'num_3',4.888973236,2,10,4.763000011,'num_3',4.471486092,8,5,4.460999966,'num_4',4.00483799,11,25,7.681000233,'num_5',4.788802624,4,30,4.563000202,'num_5',5.622933865,3,-3,6.230999947,'num_3',6.974234104,7,-5,4.965000153,'num_6',5.539187908,9,-15,9.265000343,'num_6',3.737833023,10,-12,8.798000336,'num_6',2.870133638,6,'num_1',1.600148678,14,'num_2',1.704504848,33,'num_1',4.621246815,27,'num_2',4.767032623,16,'num_1',1.667352319,23,'num_2',1.555515409,12,'num_1',4.650574684,15,'num_2',4.59864521,26,'num_1',1.668241739,25,'num_2',1.452196717,30,'num_1',4.597392559,17,'num_2',4.527151585,21,'num_1',5.539475441,4,'num_2',1.987146497,1,'num_1',4.407153606,38,'num_2',4.446719646,39,'num_1',1.85808599,0,'num_2',1.636289477,19,'num_1',4.522672653,13,'num_2',4.624769688,2,'num_1',1.650400996,31,'num_2',1.587868214,35,'num_1',4.905125618,22,'num_2',4.820515156,32,'num_1',1.772533536,29,'num_2',1.789753199,6,'num_1',4.619420052,3,'num_2',4.489318848,5,'num_1',1.85450387,7,'num_2',1.539438725,34,'num_1',1.573390603,36,'num_2',1.655236244,8,'num_1',4.985170841,18,'num_2',4.540385723,28,'num_1',1.578526258,37,'num_2',1.839694858,10,'num_1',5.010076523,24,'num_2',4.56206131,20,'num_1',1.57127142,11,'num_2',1.920865297,9,MAER M R2 P2,,,,,,,,,,,,,,,,,,,,,,,,,,,,,,,,,,,,,,,,,,,,,,,,,,,,,,,,,,,,,,,,,,,,,,,,,,,,,,,,,,,,,,,,,,,,,,,,,,,,,,,,,,MAER M R1 P2 v1,,,,,,,,,,,,,,,,,,,,,,,,,,,,,,,,,,,,,,,,,,,,,,,,,,,,,,,,,,,,,,,,,,,,,,,,,,,,,,,,
840,2019_May_01_2029,MAER M R1 P1 v1,,,,,,,,,,,,,,,,,,,,,,,,,,,,,,,,,,,,24,2.453000069,'num_1',2.186905861,6,-21,4.705999851,'num_3',2.019829512,5,,,,,,,,,,,,,,,,31,20.43000031,'num_1',4.372141838,0,0,5.524000168,'num_1',2.252897978,9,6,3.069999933,'num_5',2.336764336,8,14,1.853000045,'num_1',1.585988045,10,31,7.359000206,'num_2',2.452995062,1,15,8.743000031,'num_4',2.586790562,4,30,3.987999916,'num_1',3.304219246,3,-17,2.654000044,'num_3',3.304115057,11,-5,6.573999882,'num_3',2.953597546,2,-20,3.553999901,'num_4',2.053128242,7,'num_1',2.410513163,16,'num_2',2.448906183,14,'num_1',5.63007021,25,'num_2',5.349791527,30,'num_1',2.579048395,33,'num_2',2.566452265,3,'num_1',5.461697102,4,'num_2',5.549252033,38,'num_1',2.581673622,6,'num_2',2.843234539,1,'num_1',5.451489449,24,'num_2',5.416192532,11,'num_1',2.416705608,21,'num_2',2.39691186,20,'num_1',5.420495033,12,'num_2',5.470180511,9,'num_1',2.30785346,13,'num_2',2.396805286,22,'num_1',5.436442852,35,'num_2',5.418042183,8,'num_1',2.462522745,0,'num_2',2.645189047,5,'num_1',5.679244995,23,'num_2',5.528379917,28,'num_1',2.445875168,27,'num_2',2.379598856,31,'num_1',5.398671627,10,'num_2',5.496889591,37,'num_1',2.413236141,18,'num_2',2.331757784,39,'num_1',2.512552738,36,'num_2',2.462054014,29,'num_1',5.565228939,2,'num_2',5.399499893,15,'num_1',2.4953444,17,'num_2',2.51307106,26,'num_1',5.433349609,19,'num_2',5.429506302,32,'num_1',2.413403034,34,'num_2',2.509750128,7,MAER M R2 P2,,,,,,,,,,,,,,,,,,,,,,,,,,35,2.362,num_1,2.60357366,,,,,,,,,,,,-25,2.006,num_6,1.902718615,,,,,,,,,,,,,,,,,,,,,,-6,2.17,num_1,1.201914649,9,3.223,num_1,1.401962784,5,2.819,num_1,1.101644798,-15,4.222,num_2,1.635968438,27,2.087,num_2,1.902344831,21,1.387,num_2,1.184562858,11,2.72,num_5,1.735734703,-36,2.182,num_7,2.118602674,-12,2.087,num_4,1.635647236,-24,1.77,num_4,1.935986556,MAER M R1 P2 v1,None,,num_1,2.596005443,num_2,4.116375597,num_2,2.515824958,num_2,5.476578883,num_2,2.37866531,num_1,2.646648612,num_1,2.563378703,num_2,2.538928329,num_1,2.531484206,num_1,5.348463055,num_1,2.360876036,num_1,2.445037136,num_2,5.649535219,num_2,2.466974087,num_1,2.448170128,num_2,2.46688034,num_2,2.380382191,num_2,5.446424102,num_2,5.44867762,num_2,2.414763971,num_2,3.166566861,num_1,2.413214452,num_1,5.933022127,num_2,5.397232199,num_2,5.231491327,num_2,5.583054623,num_1,5.600546734,num_1,2.695136517,num_1,5.315444804,num_1,5.401266598,num_1,5.449637319,num_1,5.283339979,num_2,5.433508737,num_1,2.829501801,num_1,3.131802884,num_1,2.330704128,num_1,5.347993122,num_2,5.480718145,num_2,2.361266045
845,2019_May_02_1542,MAER M R1 P1 v1,,,,,,,,,,,,,,,,,,,,,,,,,,,,,,,,,,,,10,4.876999855,'num_5',3.337620735,2,3,5.293000221,'num_2',3.654254913,3,,,,,,,,,,,,,,,,0,3.058000088,'num_1',1.201969624,5,0,2.39199996,'num_1',1.418771029,11,0,2.506000042,'num_1',1.86967814,6,0,3.279999971,'num_1',1.535697699,8,0,2.546000004,'num_3',2.653289318,7,20,6.077000141,'num_2',3.587623596,9,0,4.059000015,'num_3',6.256837368,1,0,10.95499992,'num_6',7.608284473,0,-20,5.90899992,'num_7',3.404254198,4,-10,3.582000017,'num_7',1.402155995,10,'num_1',1.451641202,13,'num_2',1.475847244,28,'num_1',4.423481941,4,'num_2',4.426668167,27,'num_1',1.388056159,31,'num_2',1.506545305,19,'num_1',4.60098505,35,'num_2',4.42252636,39,'num_1',1.571432471,12,'num_2',1.369942665,14,'num_1',4.347523212,21,'num_2',4.556350231,26,'num_1',1.599243283,34,'num_2',1.485879898,37,'num_1',4.464849472,16,'num_2',4.346712112,20,'num_1',1.451933861,18,'num_2',1.374072671,32,'num_1',4.459860325,0,'num_2',4.525282383,22,'num_1',1.534942865,9,'num_2',1.436902523,29,'num_1',4.862079144,15,'num_2',4.435004711,33,'num_1',1.836421609,1,'num_2',1.536903143,25,'num_1',4.397098541,17,'num_2',4.401087284,36,'num_1',1.449381351,11,'num_2',1.403318763,30,'num_1',1.571263671,23,'num_2',1.438395023,38,'num_1',4.556761265,2,'num_2',4.419892311,8,'num_1',1.436347604,10,'num_2',1.565948009,6,'num_1',4.407374382,24,'num_2',4.484278202,3,'num_1',1.47325325,5,'num_2',1.453496218,7,MAER M R2 P2,,,,,,,,,,,,,,,,,,,,,,,,,,,,,,,,,,,,,,,,,,,,,,,,,,,,,,,,,,,,,,,,,,,,,,,,,,,,,,,,,,,,,,,,,,,,,,,,,,,,,,,,,,MAER M R1 P2 v1,num_1,4.521257139,num_1,1.48558274,num_2,1.486942964,num_2,1.457365986,num_2,4.584604743,num_2,1.421960507,num_1,1.489452182,num_1,1.47144717,num_2,1.67758912,num_1,1.637093394,num_1,4.521894734,num_1,1.635006636,num_1,1.619677903,num_2,4.494274411,num_2,1.555423182,num_1,1.491844817,num_2,1.523565643,num_2,1.4364311,num_2,4.419542331,num_2,4.554784084,num_2,1.635763518,num_2,1.434980134,num_1,1.433043311,num_1,4.47247808,num_2,4.413108687,num_2,4.472807695,num_2,4.624897953,num_1,4.462615181,num_1,1.453754046,num_1,4.491027541,num_1,4.474583467,num_1,4.454530458,num_1,4.674050195,num_2,4.438914177,num_1,1.501188806,num_2,1.415947519,num_1,1.421803061,num_1,4.443100913,num_2,4.458251168,num_2,1.53870508